Class Year,Type,Name,Position,Height,Weight,Transfer Rating,HS Rating,Transfer Stars,HS Stars,High School,Hometown City,Hometown State,Previous School,Status,Profile URL,location,lat,lon
1999,Recruit,Jon Schweighardt,WR,5-10,170,,,,0,Wheaton Warrenville South,Wheaton,IL,,Signed,https://247sports.com/Player/jon-schweighardt-73436/,"Wheaton, IL",41.8646959,-88.1101709
1999,Recruit,Chris Brown,RB,6-3,205,,,,0,Naperville North,Naperville,IL,,Signed,https://247sports.com/Player/chris-brown-73372/,"Naperville, IL",41.7728699,-88.1479278
1999,Recruit,Vince Cartaya,OLB,6-4,225,,,,0,Belen Jesuit Prep,Miami,FL,,Signed,https://247sports.com/Player/vince-cartaya-73375/,"Miami, FL",25.7741566,-80.1935973
1999,Recruit,Regis Eller,OLB,6-1,225,,,,0,Breck School,Minneapolis,MN,,Signed,https://247sports.com/Player/regis-eller-73378/,"Minneapolis, MN",44.9772995,-93.2654692
1999,Recruit,Gabriel Nyenhuis,WDE,6-4,245,,,,0,St. Charles East,St. Charles,IL,,Signed,https://247sports.com/Player/gabriel-nyenhuis-73385/,"St. Charles, IL",41.9139808,-88.3128183
1999,Recruit,Kunle Patrick,WR,6-1,195,,,,0,Poly Prep,Brooklyn,NY,,Signed,https://247sports.com/Player/kunle-patrick-73391/,"Brooklyn, NY",40.6526006,-73.9497211
1999,Recruit,George Woods,ILB,6-2,270,,,,0,La Mirada,La Mirada,CA,,Signed,https://247sports.com/Player/george-woods-73395/,"La Mirada, CA",33.9060971,-118.0107092
1999,Recruit,Eric Worley,TE,6-4,245,,,,0,Marshfield,Marshfield,MA,,Signed,https://247sports.com/Player/eric-worley-73398/,"Marshfield, MA",42.091769,-70.7055941
1999,Recruit,Patrick Durr,OLB,6-2,225,,,,0,St. Charles East,St. Charles,IL,,Signed,https://247sports.com/Player/patrick-durr-73422/,"St. Charles, IL",41.9139808,-88.3128183
1999,Recruit,Brandon Evans,CB,5-11,185,,,,0,Harrison,Kennesaw,GA,,Signed,https://247sports.com/Player/brandon-evans-73429/,"Kennesaw, GA",34.0234337,-84.6154897
1999,Recruit,Louis Ayeni,RB,6-0,185,,,,0,Woodbury,Saint Paul,MN,,Signed,https://247sports.com/Player/louis-ayeni-73369/,"Saint Paul, MN",44.9497487,-93.0931028
1999,Recruit,Mark Roush,RB,6-1,186,,,,0,Freeman,Richmond,VA,,Signed,https://247sports.com/Player/mark-roush-73432/,"Richmond, VA",37.5385087,-77.43428
1999,Recruit,Matt Anderson,WDE,6-4,250,,,,0,Belvidere,Belvidere,IL,,Signed,https://247sports.com/Player/matt-anderson-73440/,"Belvidere, IL",42.2579991,-88.841734
1999,Recruit,Ray Bogenrief,TE,6-5,232,,,,0,Marquette University,Milwaukee,WI,,Signed,https://247sports.com/Player/ray-bogenrief-73441/,"Milwaukee, WI",43.0386475,-87.9090751
1999,Recruit,Jaison Cook,WR,6-0,175,,,,0,Vincentian Academy/duquesne Univ,Pittsburgh,PA,,Signed,https://247sports.com/Player/jaison-cook-73442/,"Pittsburgh, PA",40.4406968,-80.0025666
1999,Recruit,Ronnie Foster,WR,6-3,195,,,,0,Peoria Heights,Peoria Heights,IL,,Signed,https://247sports.com/Player/ronnie-foster-73444/,"Peoria Heights, IL",40.7472744,-89.5740289
1999,Recruit,Austin King,OG,6-4,265,,,,0,Purcell Marian,Cincinnati,OH,,Signed,https://247sports.com/Player/austin-king-73446/,"Cincinnati, OH",39.1012809,-84.5127405
1999,Recruit,Derek Martinez,WDE,6-6,255,,,,0,Bellarmine Prep,San Jose,CA,,Signed,https://247sports.com/Player/derek-martinez-73448/,"San Jose, CA",37.3361663,-121.890591
1999,Recruit,Carl Matejka,OT,6-5,280,,,,0,Clear Brook,Friendswood,TX,,Signed,https://247sports.com/Player/carl-matejka-73450/,"Friendswood, TX",29.5293998,-95.2010447
1999,Recruit,Matt Danielson,PRO,6-2,220,,,,0,Adams,Rochester,MI,,Signed,https://247sports.com/Player/matt-danielson-73453/,"Rochester, MI",42.680588,-83.1338214
1999,Recruit,Zak Kustok,PRO,6-1,212,,,,0,Carl Sandburg,Orland Park,IL,,Signed,https://247sports.com/Player/zak-kustok-73455/,"Orland Park, IL",41.630663,-87.8536288
2000,Recruit,Noah Herron,RB,5-11,215,,,,0,Mattawan,Mattawan,MI,,Signed,https://247sports.com/Player/noah-herron-71101/,"Mattawan, MI",42.2094839,-85.784453
2000,Recruit,Ike Ndukwe,OT,6-5,315,,,,0,Dublin Coffman,Dublin,OH,,Signed,https://247sports.com/Player/ike-ndukwe-71104/,"Dublin, OH",40.0996009,-83.1135563
2000,Recruit,Dan Pohlman,FB,6-2,215,,,,0,Barrington,Barrington,IL,,Signed,https://247sports.com/Player/dan-pohlman-71109/,"Barrington, IL",42.1539141,-88.1361888
2000,Recruit,Rob Shirley,FB,6-2,220,,,,0,Bloomington South,Bloomington,IN,,Signed,https://247sports.com/Player/rob-shirley-71111/,"Bloomington, IN",39.1670396,-86.5342881
2000,Recruit,Tony Stauss,PRO,6-2,193,,,,0,Horlick,Racine,WI,,Signed,https://247sports.com/Player/tony-stauss-71113/,"Racine, WI",42.7313756,-87.7834769
2000,Recruit,Torri Stuckey,RB,6-0,190,,,,0,Eisenhower,Blue Island,IL,,Signed,https://247sports.com/Player/torri-stuckey-71115/,"Blue Island, IL",41.6573014,-87.679871
2000,Recruit,Syga Thomas,OLB,6-2,225,,,,0,Loyola,Los Angeles,CA,,Signed,https://247sports.com/Player/syga-thomas-71117/,"Los Angeles, CA",34.0536909,-118.242766
2000,Recruit,Colby Clark,S,6-3,265,,,,0,Austin Westlake,Austin,TX,,Signed,https://247sports.com/Player/colby-clark-71119/,"Austin, TX",30.2711286,-97.7436995
2000,Recruit,Mike Corliss,OT,6-7,260,,,,0,Lake Zurich,Lake Zurich,IL,,Signed,https://247sports.com/Player/mike-corliss-71120/,"Lake Zurich, IL",42.1969689,-88.0934108
2000,Recruit,Roger Jordan,WR,6-4,180,,,,0,Clear Creek,League City,TX,,Signed,https://247sports.com/Player/roger-jordan-71123/,"League City, TX",29.5074538,-95.0949303
2000,Recruit,El Da'Sheon Nix,WR,6-4,180,,,,0,Sandusky,Sandusky,OH,,Signed,https://247sports.com/Player/el-dasheon-nix-71124/,"Sandusky, OH",41.2951563,-83.1555438
2000,Recruit,Matt Ulrich,OT,6-6,285,,,,0,Streamwood,Streamwood,IL,,Signed,https://247sports.com/Player/matt-ulrich-71127/,"Streamwood, IL",42.0255827,-88.1784085
2000,Recruit,Jason Wright,RB,5-11,190,,,,0,Diamond Bar,Diamond Bar,CA,,Signed,https://247sports.com/Player/jason-wright-71130/,"Diamond Bar, CA",34.0286226,-117.8103367
2000,Recruit,Jarvis Adams,S,5-11,205,,,,0,Amos P. Godby,Tallahassee,FL,,Signed,https://247sports.com/Player/jarvis-adams-71135/,"Tallahassee, FL",30.4380832,-84.2809332
2000,Recruit,Brian Huffman,K,6-2,185,,,,0,Schaumburg,Schaumburg,IL,,Signed,https://247sports.com/Player/brian-huffman-71137/,"Schaumburg, IL",42.0333608,-88.083406
2000,Recruit,GIlles Lezi,FB,6-1,230,,,,0,Laval Liberty,Laval,QC,,Signed,https://247sports.com/Player/gilles-lezi-71142/,"Laval, QC",45.605589,-73.7345601
2000,Recruit,Ryan Peterson,TE,6-3,220,,,,0,La Costa Canyon,Encinitas,CA,,Signed,https://247sports.com/Player/ryan-peterson-71144/,"Encinitas, CA",33.0369867,-117.2919818
2000,Recruit,Marvin Ward,S,6-1,195,,,,0,Eleanor Roosevelt,Greenbelt,MD,,Signed,https://247sports.com/Player/marvin-ward-71147/,"Greenbelt, MD",39.004607,-76.8756838
2001,Recruit,Brett Basanez,PRO,6-2,175,,,,0,St. Viator,Arlington Heights,IL,,Enrolled,https://247sports.com/Player/brett-basanez-50184/,"Arlington Heights, IL",42.0811563,-87.9802164
2001,Recruit,Zach Strief,OT,6-8,310,,,,0,Milford,Milford,OH,,Enrolled,https://247sports.com/Player/zach-strief-70316/,"Milford, OH",39.174625,-84.2958988
2001,Recruit,Thomas Derricks,DT,6-1,295,,,,0,Dallas Jesuit,Dallas,TX,,Enrolled,https://247sports.com/Player/thomas-derricks-50318/,"Dallas, TX",32.7762719,-96.7968559
2001,Recruit,Trai Essex,TE,6-6,255,,,,0,Paul Harding,Fort Wayne,IN,,Signed,https://247sports.com/Player/trai-essex-70310/,"Fort Wayne, IN",41.0799898,-85.1386015
2001,Recruit,Ashton Aikens,RB,6-3,195,,,,0,Detroit Country Day,Franklin,MI,,Signed,https://247sports.com/Player/ashton-aikens-70312/,"Franklin, MI",42.5222567,-83.3060432
2001,Recruit,Sundi Brewer-Griffin,RB,6-0,190,,,,0,Abi Christian Academy,Saint Paul,MN,,Signed,https://247sports.com/Player/sundi-brewer-griffin-70315/,"Saint Paul, MN",44.9497487,-93.0931028
2001,Recruit,Luis Castillo,SDE,6-4,270,,,,0,Garfield,Garfield,NJ,,Signed,https://247sports.com/Player/luis-castillo-70317/,"Garfield, NJ",40.8814882,-74.113198
2001,Recruit,David Thompson,WDE,6-3,235,,,,0,Rockledge,Rockledge,FL,,Signed,https://247sports.com/Player/david-thompson-70319/,"Rockledge, FL",28.330831,-80.7349162
2001,Recruit,John Pickens,OLB,6-3,220,,,,0,Ramapo,Franklin Lakes,NJ,,Signed,https://247sports.com/Player/john-pickens-70320/,"Franklin Lakes, NJ",41.0167639,-74.2057012
2001,Recruit,Jeff Backes,CB,5-10,185,,,,0,Upper Arlington,Columbus,OH,,Signed,https://247sports.com/Player/jeff-backes-70321/,"Columbus, OH",39.9622601,-83.0007065
2001,Recruit,Fred Tarver,WR,6-2,195,,,,0,Fluvanna County,Palmyra,VA,,Signed,https://247sports.com/Player/fred-tarver-70323/,"Palmyra, VA",37.8647,-78.2615037
2001,Recruit,Joe Wohlscheid,TE,6-7,235,,,,0,Grand Ledge,Grand Ledge,MI,,Signed,https://247sports.com/Player/joe-wohlscheid-70324/,"Grand Ledge, MI",42.7524401,-84.7463572
2001,Recruit,Greg Lutzen,SDE,6-5,260,,,,0,Pewaukee,Pewaukee,WI,,Signed,https://247sports.com/Player/greg-lutzen-70325/,"Pewaukee, WI",43.0846017,-88.2139452
2001,Recruit,Braden Jones,OLB,6-3,216,,,,0,Harrisburg,Harrisburg,IL,,Signed,https://247sports.com/Player/braden-jones-70326/,"Harrisburg, IL",37.7385,-88.5405213
2001,Recruit,Taylor Jones,OLB,6-4,230,,,,0,Winnetonka,Kansas City,MO,,Signed,https://247sports.com/Player/taylor-jones-70327/,"Kansas City, MO",39.100105,-94.5781416
2001,Recruit,Demaris Wilson,OLB,6-4,235,,,,0,Huntsville,Huntsville,AL,,Signed,https://247sports.com/Player/demaris-wilson-70328/,"Huntsville, AL",34.729847,-86.5859011
2001,Recruit,Vince Clarke,OT,6-6,270,,,,0,Granite Hills,El Cajon,CA,,Signed,https://247sports.com/Player/vince-clarke-70329/,"El Cajon, CA",32.7947731,-116.962526
2001,Recruit,Jonathan Fields,CB,5-11,170,,,,0,Sweeny,Sweeny,TX,,Signed,https://247sports.com/Player/jonathan-fields-70330/,"Sweeny, TX",29.0428593,-95.6977341
2001,Recruit,Herschel Henderson,S,6-3,190,,,,0,Clear Lake Christian School,Houston,TX,,Signed,https://247sports.com/Player/herschel-henderson-70331/,"Houston, TX",29.7589382,-95.3676974
2001,Recruit,Dominique Price,S,6-1,215,,,,0,DuPont Manual,Louisville,KY,,Signed,https://247sports.com/Player/dominique-price-70332/,"Louisville, KY",38.2542376,-85.759407
2001,Recruit,David Wasielewski,P,5-10,220,,,,0,Tampa Jesuit,Tampa,FL,,Signed,https://247sports.com/Player/david-wasielewski-70334/,"Tampa, FL",27.9449854,-82.4583107
2002,Recruit,Ron Bardwell,DT,6-4,280,,,,0,H.L. Richards,Oak Lawn,IL,,Enrolled,https://247sports.com/Player/ron-bardwell-50935/,"Oak Lawn, IL",41.7108662,-87.7581081
2002,Recruit,Campbell Black,S,6-3,182,,,,0,Bishop McGuinness,Oklahoma City,OK,,Enrolled,https://247sports.com/Player/campbell-black-50936/,"Oklahoma City, OK",35.4729886,-97.5170536
2002,Recruit,Erryn Cobb,FB,6-2,220,,,,0,Downers Grove North,Downers Grove,IL,,Enrolled,https://247sports.com/Player/erryn-cobb-50938/,"Downers Grove, IL",41.7936822,-88.0102281
2002,Recruit,Barry Cofield,SDE,6-5,250,,,,0,Cleveland Heights,Cleveland,OH,,Enrolled,https://247sports.com/Player/barry-cofield-50939/,"Cleveland, OH",41.4996574,-81.6936772
2002,Recruit,Marquice Cole,CB,5-10,165,,,,0,Hillcrest,Country Club Hills,IL,,Enrolled,https://247sports.com/Player/marquice-cole-50940/,"Country Club Hills, IL",41.5680898,-87.7203257
2002,Recruit,Jim Devine,SDE,6-3,247,,,,0,Lumen Christi,Jackson,MI,,Enrolled,https://247sports.com/Player/jim-devine-50947/,"Jackson, MI",42.2416466,-84.425589
2002,Recruit,Demetrius Eaton,OLB,6-2,215,,,,0,Vincent,Milwaukee,WI,,Enrolled,https://247sports.com/Player/demetrius-eaton-50948/,"Milwaukee, WI",43.0386475,-87.9090751
2002,Recruit,Cory Dious,CB,5-10,160,,,,0,Mays,Atlanta,GA,,Enrolled,https://247sports.com/Player/cory-dious-50951/,"Atlanta, GA",33.7544657,-84.3898151
2002,Recruit,Joseph Ferguson,DUAL,6-1,182,,,,0,Pembroke Hill,Kansas City,MO,,Enrolled,https://247sports.com/Player/joseph-ferguson-50952/,"Kansas City, MO",39.100105,-94.5781416
2002,Recruit,Shaun Herbert,WR,6-2,180,,,,0,Bishop McNamara,Forestville,MD,,Enrolled,https://247sports.com/Player/shaun-herbert-50953/,"Forestville, MD",38.8525535,-76.8723366
2002,Recruit,Brandon Horn,WR,6-1,205,,,,0,Detroit Country Day,Franklin,MI,,Enrolled,https://247sports.com/Player/brandon-horn-50957/,"Franklin, MI",42.5222567,-83.3060432
2002,Recruit,Loren Howard,DT,6-5,270,,,,0,Saguaro,Scottsdale,AZ,,Enrolled,https://247sports.com/Player/loren-howard-50961/,"Scottsdale, AZ",33.4942189,-111.926018
2002,Recruit,Derell Jenkins,ATH,6-2,186,,,,0,Bolingbrook,Bolingbrook,IL,,Enrolled,https://247sports.com/Player/derell-jenkins-50963/,"Bolingbrook, IL",41.7003302,-88.0717708
2002,Recruit,Terrell Jordan,CB,5-10,175,,,,0,Tucker,Tucker,GA,,Enrolled,https://247sports.com/Player/terrell-jordan-50964/,"Tucker, GA",33.8532701,-84.2200729
2002,Recruit,Ryan Keenan,SDE,6-5,240,,,,0,St. Edward,Lakewood,OH,,Enrolled,https://247sports.com/Player/ryan-keenan-50965/,"Lakewood, OH",41.4819932,-81.7981908
2002,Recruit,Sean Mansfield,TE,6-5,225,,,,0,Phillips Academy,Andover,MA,,Enrolled,https://247sports.com/Player/sean-mansfield-50966/,"Andover, MA",42.65717,-71.1408776
2002,Recruit,Rick McDole,OT,6-6,325,,,,0,Marysville,Marysville,OH,,Enrolled,https://247sports.com/Player/rick-mcdole-50967/,"Marysville, OH",40.2364486,-83.3671432
2002,Recruit,Tim McGarigle,ILB,6-1,215,,,,0,St. Patrick,Chicago,IL,,Enrolled,https://247sports.com/Player/tim-mcgarigle-50968/,"Chicago, IL",41.8755616,-87.6244212
2002,Recruit,Mark Philmore,WR,6-1,185,,,,0,Reynoldsburg,Reynoldsburg,OH,,Enrolled,https://247sports.com/Player/mark-philmore-50969/,"Reynoldsburg, OH",39.9547861,-82.8121191
2002,Recruit,Alexander Webb,PRO,6-1,180,,,,0,Highland Park,Dallas,TX,,Enrolled,https://247sports.com/Player/alexander-webb-50970/,"Dallas, TX",32.7762719,-96.7968559
2003,Recruit,Austin Matthews,OT,6-5,272,,,,0,Orange Park,Orange Park,FL,,Enrolled,https://247sports.com/Player/austin-matthews-48447/,"Orange Park, FL",30.1654707,-81.7016346
2003,Recruit,Warren Anderson,SDE,6-3,245,,,,0,St. Bonaventure,Ventura,CA,,Enrolled,https://247sports.com/Player/warren-anderson-48424/,"Ventura, CA",34.4458248,-119.0779359
2003,Recruit,Deante Battle,CB,5-10,187,,,,0,Starrs Mill,Fayetteville,GA,,Enrolled,https://247sports.com/Player/deante-battle-48425/,"Fayetteville, GA",33.4487257,-84.4549262
2003,Recruit,Ryan Black,ATH,5-11,176,,,,0,Polytechnic School,Pasadena,CA,,Enrolled,https://247sports.com/Player/ryan-black-48429/,"Pasadena, CA",34.1476507,-118.144155
2003,Recruit,A.J. Burdex,TE,6-3,184,,,,0,Chickasha,Chickasha,OK,,Enrolled,https://247sports.com/Player/aj-burdex-48430/,"Chickasha, OK",35.0512159,-97.9370036
2003,Recruit,Sam Cheatham,WR,5-11,175,,,,0,San Leandro,San Leandro,CA,,Enrolled,https://247sports.com/Player/sam-cheatham-48432/,"San Leandro, CA",37.7249296,-122.1560768
2003,Recruit,Tonjua Jones,ATH,6-1,184,,,,0,Southfield-lathrup,Southfield,MI,,Enrolled,https://247sports.com/Player/tonjua-jones-48433/,"Southfield, MI",42.4733689,-83.2218731
2003,Recruit,Adam Kadela,ILB,6-3,220,,,,0,Dublin Coffman,Dublin,OH,,Enrolled,https://247sports.com/Player/adam-kadela-48434/,"Dublin, OH",40.0996009,-83.1135563
2003,Recruit,Mark Koehn,TE,6-4,222,,,,0,Newton Sr,Newton,KS,,Enrolled,https://247sports.com/Player/mark-koehn-48436/,"Newton, KS",38.0469166,-97.3447244
2003,Recruit,Cody Madison,TE,6-2,232,,,,0,Chickasha,Chickasha,OK,,Enrolled,https://247sports.com/Player/cody-madison-48437/,"Chickasha, OK",35.0512159,-97.9370036
2003,Recruit,Frayne Abernathy,WDE,6-5,230,,,,0,North Augusta,North Augusta,SC,,Enrolled,https://247sports.com/Player/frayne-abernathy-48422/,"North Augusta, SC",33.4943487,-81.9705909
2003,Recruit,Chris Malleo,ATH,6-3,213,,,,0,Hun School,Princeton,NJ,,Enrolled,https://247sports.com/Player/chris-malleo-48438/,"Princeton, NJ",40.3496953,-74.6597376
2003,Recruit,Fred McConnell,OT,6-5,320,,,,0,Southfield-lathrup,Southfield,MI,,Enrolled,https://247sports.com/Player/fred-mcconnell-48448/,"Southfield, MI",42.4733689,-83.2218731
2003,Recruit,Reggie McPherson,WR,6-1,185,,,,0,San Leandro,San Leandro,CA,,Enrolled,https://247sports.com/Player/reggie-mcpherson-48450/,"San Leandro, CA",37.7249296,-122.1560768
2003,Recruit,Trevor Rees,OG,6-2,260,,,,0,Pearland,Pearland,TX,,Enrolled,https://247sports.com/Player/trevor-rees-48455/,"Pearland, TX",29.5639758,-95.2864299
2003,Recruit,Nick Roach,OLB,6-1,210,,,,0,Lutheran,Racine,WI,,Enrolled,https://247sports.com/Player/nick-roach-48457/,"Racine, WI",42.7313756,-87.7834769
2003,Recruit,Trevor Schultz,DT,6-4,249,,,,0,Harper Creek,Battle Creek,MI,,Enrolled,https://247sports.com/Player/trevor-schultz-48458/,"Battle Creek, MI",42.3192548,-85.1824269
2003,Recruit,Eddie Simpson,OLB,6-1,197,,,,0,North Shore,Houston,TX,,Enrolled,https://247sports.com/Player/eddie-simpson-48460/,"Houston, TX",29.7589382,-95.3676974
2003,Recruit,Dylan Thiry,OT,6-9,295,,,,0,Trinity,Louisville,KY,,Enrolled,https://247sports.com/Player/dylan-thiry-48484/,"Louisville, KY",38.2542376,-85.759407
2003,Recruit,Kim Thompson,WR,6-3,185,,,,0,Detroit Country Day,Franklin,MI,,Enrolled,https://247sports.com/Player/kim-thompson-48485/,"Franklin, MI",42.5222567,-83.3060432
2003,Recruit,Kyle Wagner,ILB,6-1,225,,,,0,The Bolles School,Jacksonville,FL,,Enrolled,https://247sports.com/Player/kyle-wagner-48487/,"Jacksonville, FL",30.3262247,-81.6579179
2004,Recruit,C.J. Bacher,DUAL,6-2,180,,,,0,Jesuit,Carmichael,CA,,Enrolled,https://247sports.com/Player/cj-bacher-45810/,"Carmichael, CA",49.9172707,-108.6546946
2004,Recruit,Joel Belding,DT,6-5,290,,,,0,Cloverleaf,Lodi,OH,,Enrolled,https://247sports.com/Player/joel-belding-45813/,"Lodi, OH",41.0330142,-82.012006
2004,Recruit,Andre Butler,RB,5-11,185,,,,0,Thornwood,South Holland,IL,,Enrolled,https://247sports.com/Player/andre-butler-45814/,"South Holland, IL",41.6008681,-87.6069894
2004,Recruit,Matt Clark,DT,6-4,295,,,,0,Lake Highland Prep,Orlando,FL,,Enrolled,https://247sports.com/Player/matt-clark-45815/,"Orlando, FL",28.5421218,-81.379045
2004,Recruit,Gerrard Hamlett,RB,5-10,180,,,,0,St. Thomas Aquinas,Fort Lauderdale,FL,,Enrolled,https://247sports.com/Player/gerrard-hamlett-45816/,"Fort Lauderdale, FL",26.1223084,-80.1433786
2004,Recruit,Akeem Hunter,RB,6-0,205,,,,0,Leo Catholic,Chicago,IL,,Enrolled,https://247sports.com/Player/akeem-hunter-45819/,"Chicago, IL",41.8755616,-87.6244212
2004,Recruit,Rejaie Johnson,OLB,6-2,215,,,,0,La Marque,La Marque,TX,,Enrolled,https://247sports.com/Player/rejaie-johnson-45822/,"La Marque, TX",29.3685674,-94.9713134
2004,Recruit,Ross Lane,WR,6-4,180,,,,0,Bishop Verot,Fort Myers,FL,,Enrolled,https://247sports.com/Player/ross-lane-45824/,"Fort Myers, FL",26.640628,-81.8723084
2004,Recruit,Kevin Mims,SDE,6-4,245,,,,0,The Woodlands,The Woodlands,TX,,Enrolled,https://247sports.com/Player/kevin-mims-45828/,"The Woodlands, TX",30.1734194,-95.504686
2004,Recruit,David Oredugba,CB,6-0,180,,,,0,Beverly Hills,Beverly Hills,CA,,Enrolled,https://247sports.com/Player/david-oredugba-45830/,"Beverly Hills, CA",34.0696501,-118.3963062
2004,Recruit,Ben Rinker,TE,6-4,240,,,,0,Barrington,Barrington,IL,,Enrolled,https://247sports.com/Player/ben-rinker-45831/,"Barrington, IL",42.1539141,-88.1361888
2004,Recruit,Brandon Roberson,APB,5-9,185,,,,0,Pearland,Pearland,TX,,Enrolled,https://247sports.com/Player/brandon-roberson-45832/,"Pearland, TX",29.5639758,-95.2864299
2004,Recruit,Jeff Yarbrough,WR,6-0,170,,,,0,Rich South Campus,Richton Park,IL,,Enrolled,https://247sports.com/Player/jeff-yarbrough-45833/,"Richton Park, IL",41.4845996,-87.7090543
2005,Recruit,Malcolm Arrington,OLB,6-2,218,,,,0,Orchard Lake St. Mary's,Orchard Lake,MI,,Enrolled,https://247sports.com/Player/malcolm-arrington-43047/,"Orchard Lake, MI",42.5869558,-83.368957
2005,Recruit,Andrew Brewer,ATH,6-2,205,,,,0,Jenks,Jenks,OK,,Enrolled,https://247sports.com/Player/andrew-brewer-43048/,"Jenks, OK",36.0228734,-95.9683278
2005,Recruit,Tyler Compton,OG,6-5,270,,,,0,Humble,Humble,TX,,Enrolled,https://247sports.com/Player/tyler-compton-43050/,"Humble, TX",29.9988312,-95.2621553
2005,Recruit,Thomas Bemenderfer,OG,6-5,245,,,,0,Penn,Mishawaka,IN,,Enrolled,https://247sports.com/Player/thomas-bemenderfer-43054/,"Mishawaka, IN",41.6611642,-86.1807031
2005,Recruit,Omar Conteh,RB,6-0,195,,,,0,Cy-Fair,Cypress,TX,,Enrolled,https://247sports.com/Player/omar-conteh-43056/,"Cypress, TX",29.9691116,-95.6971686
2005,Recruit,Ramon Diaz,OG,6-4,280,,,,0,Morris Community,Morris,IL,,Enrolled,https://247sports.com/Player/ramon-diaz-43058/,"Morris, IL",41.3574135,-88.4215234
2005,Recruit,Mike Dinard,OLB,6-2,222,,,,0,Padua Franciscan,Cleveland,OH,,Enrolled,https://247sports.com/Player/mike-dinard-43060/,"Cleveland, OH",41.4996574,-81.6936772
2005,Recruit,John Gill,OG,6-3,285,,,,0,Bellarmine Prep,San Jose,CA,,Enrolled,https://247sports.com/Player/john-gill-43064/,"San Jose, CA",37.3361663,-121.890591
2005,Recruit,Adam Hahn,SDE,6-4,245,,,,0,Hartford,Hartford,WI,,Enrolled,https://247sports.com/Player/adam-hahn-43068/,"Hartford, WI",43.317744,-88.3788508
2005,Recruit,Chris Jeske,ILB,6-1,225,,,,0,Joliet Catholic Academy,Joliet,IL,,Enrolled,https://247sports.com/Player/chris-jeske-43072/,"Joliet, IL",41.5263603,-88.0840212
2005,Recruit,Mike Kafka,DUAL,6-3,190,,,,0,St. Rita,Chicago,IL,,Enrolled,https://247sports.com/Player/mike-kafka-43106/,"Chicago, IL",41.8755616,-87.6244212
2005,Recruit,Keegan Kennedy,WDE,6-3,240,,,,0,Cardinal Newman,West Palm Beach,FL,,Enrolled,https://247sports.com/Player/keegan-kennedy-43108/,"West Palm Beach, FL",26.715364,-80.0532942
2005,Recruit,Prince Kwateng,OLB,6-1,215,,,,0,Munster,Munster,IN,,Enrolled,https://247sports.com/Player/prince-kwateng-43110/,"Munster, IN",41.5644798,-87.5125412
2005,Recruit,Kurt Mattes,OT,6-6,265,,,,0,Wyoming Valley West,Plymouth,PA,,Enrolled,https://247sports.com/Player/kurt-mattes-43113/,"Plymouth, PA",41.2403596,-75.9446428
2005,Recruit,Eric Peterman,DUAL,6-1,199,,,,0,Sacred Heart Griffin,Springfield,IL,,Enrolled,https://247sports.com/Player/eric-peterman-43116/,"Springfield, IL",39.7990175,-89.6439575
2005,Recruit,Brendan Smith,ATH,6-1,203,,,,0,New Hampton School,New Hampton,NH,,Enrolled,https://247sports.com/Player/brendan-smith-43121/,"New Hampton, NH",43.6056221,-71.655096
2005,Recruit,Tyrell Sutton,RB,5-8,186,,,,0,Archbishop Hoban,Akron,OH,,Enrolled,https://247sports.com/Player/tyrell-sutton-43122/,"Akron, OH",41.083064,-81.518485
2005,Recruit,Desmond Taylor,DT,6-2,259,,,,0,Loyola,Los Angeles,CA,,Enrolled,https://247sports.com/Player/desmond-taylor-43124/,"Los Angeles, CA",34.0536909,-118.242766
2005,Recruit,Rasheed Ward,WR,5-10,159,,,,0,Harper,Chicago,IL,,Enrolled,https://247sports.com/Player/rasheed-ward-43128/,"Chicago, IL",41.8755616,-87.6244212
2005,Recruit,Corey Wootton,OT,6-7,255,,,,0,Don Bosco Prep,Ramsey,NJ,,Enrolled,https://247sports.com/Player/corey-wootton-43129/,"Ramsey, NJ",41.0573188,-74.1409771
2006,Recruit,Mike Boyle,OT,6-7,255,,,,0,Hun School,Princeton,NJ,,Enrolled,https://247sports.com/Player/mike-boyle-39912/,"Princeton, NJ",40.3496953,-74.6597376
2006,Recruit,Corbin Bryant,TE,6-4,240,,,,0,Morgan Park,Chicago,IL,,Enrolled,https://247sports.com/Player/corbin-bryant-39913/,"Chicago, IL",41.8755616,-87.6244212
2006,Recruit,Lee Coleman,WR,6-0,170,,,,0,East Hall,Gainesville,GA,,Enrolled,https://247sports.com/Player/lee-coleman-39914/,"Gainesville, GA",34.2978794,-83.8240663
2006,Recruit,Quentin Davie,OLB,6-4,192,,,,0,Cardinal Ritter College Prep,St. Louis,MO,,Enrolled,https://247sports.com/Player/quentin-davie-39927/,"St. Louis, MO",38.6254063,-90.190009
2006,Recruit,Stefan Demos,K,5-10,190,,,,0,Horizon,Scottsdale,AZ,,Enrolled,https://247sports.com/Player/stefan-demos-39928/,"Scottsdale, AZ",33.4942189,-111.926018
2006,Recruit,Carl Fisher,WR,6-2,205,,,,0,Bolingbrook,Bolingbrook,IL,,Enrolled,https://247sports.com/Player/carl-fisher-39930/,"Bolingbrook, IL",41.7003302,-88.0717708
2006,Recruit,Sherrick McManis,CB,6-0,175,,,,0,Richwoods,Peoria,IL,,Enrolled,https://247sports.com/Player/sherrick-mcmanis-39954/,"Peoria, IL",40.6938609,-89.5891008
2006,Recruit,Brad Phillips,ATH,6-3,202,,,,0,Franklin Regional,Murrysville,PA,,Enrolled,https://247sports.com/Player/brad-phillips-39962/,"Murrysville, PA",40.4284015,-79.697545
2006,Recruit,Stephen Simmons,APB,5-8,170,,,,0,St. Louis University,St. Louis,MO,,Enrolled,https://247sports.com/Player/stephen-simmons-39974/,"St. Louis, MO",38.6254063,-90.190009
2006,Recruit,Connor Smith,OG,6-4,285,,,,0,Smithson Valley,Spring Branch,TX,,Enrolled,https://247sports.com/Player/connor-smith-39977/,"Spring Branch, TX",29.890187,-98.4264344
2006,Recruit,Sidney Stewart,WR,6-0,165,,,,0,Harrison,Farmington,MI,,Enrolled,https://247sports.com/Player/sidney-stewart-39979/,"Farmington, MI",42.4644795,-83.3763219
2006,Recruit,Marshall Thomas,DT,6-3,270,,,,0,Belen Jesuit Prep,Miami,FL,,Enrolled,https://247sports.com/Player/marshall-thomas-39985/,"Miami, FL",25.7741566,-80.1935973
2006,Recruit,Justan Vaughn,S,6-0,164,,,,0,Pearland,Pearland,TX,,Enrolled,https://247sports.com/Player/justan-vaughn-39987/,"Pearland, TX",29.5639758,-95.2864299
2006,Recruit,Nate Williams,ILB,6-1,220,,,,0,Central Catholic,Pittsburgh,PA,,Enrolled,https://247sports.com/Player/nate-williams-39989/,"Pittsburgh, PA",40.4406968,-80.0025666
2007,Recruit,Cameron Joplin,TE,6-4,247,,,,0,Pioneer,Ann Arbor,MI,,Enrolled,https://247sports.com/Player/cameron-joplin-53345/,"Ann Arbor, MI",42.2813722,-83.7484616
2007,Recruit,David Arnold,S,6-0,185,,,,0,Copley,Akron,OH,,Enrolled,https://247sports.com/Player/david-arnold-53317/,"Akron, OH",41.083064,-81.518485
2007,Recruit,Michael Bolden,CB,6-1,175,,,,0,Evanston Township,Evanston,IL,,Enrolled,https://247sports.com/Player/michael-bolden-53320/,"Evanston, IL",42.0470043,-87.6846053
2007,Recruit,Charles Brown,WR,5-11,175,,,,0,Robeson,Chicago,IL,,Enrolled,https://247sports.com/Player/charles-brown-53322/,"Chicago, IL",41.8755616,-87.6244212
2007,Recruit,Vincent Browne,SDE,6-5,239,,,,0,David Anderson,Lisbon,OH,,Enrolled,https://247sports.com/Player/vincent-browne-53327/,"Lisbon, OH",40.7720044,-80.7681336
2007,Recruit,Ben Burkett,OG,6-4,249,,,,0,St. John's Jesuit,Toledo,OH,,Enrolled,https://247sports.com/Player/ben-burkett-53328/,"Toledo, OH",41.6529143,-83.5378173
2007,Recruit,Scott Concannon,RB,5-10,185,,,,0,Rock Bridge,Columbia,MO,,Enrolled,https://247sports.com/Player/scott-concannon-53331/,"Columbia, MO",38.951883,-92.3337366
2007,Recruit,Jack DiNardo,SDE,6-4,245,,,,0,Hinsdale Central,Hinsdale,IL,,Enrolled,https://247sports.com/Player/jack-dinardo-53333/,"Hinsdale, IL",41.8024604,-87.9299841
2007,Recruit,Drake Dunsmore,TE,6-3,209,,,,0,St. Thomas Aquinas,Overland Park,KS,,Enrolled,https://247sports.com/Player/drake-dunsmore-53341/,"Overland Park, KS",38.9742502,-94.6851702
2007,Recruit,Colin Armstrong,OT,6-5,270,,,,0,Benet Academy,Lisle,IL,,Enrolled,https://247sports.com/Player/colin-armstrong-53315/,"Lisle, IL",41.801159,-88.0747687
2007,Recruit,Ben Johnson,OLB,6-4,196,,,,0,Shoreland Lutheran,South Milwaukee,WI,,Enrolled,https://247sports.com/Player/ben-johnson-53343/,"South Milwaukee, WI",42.9105722,-87.8606367
2007,Recruit,Jordan Mabin,CB,5-10,178,,,,0,Nordonia,Macedonia,OH,,Enrolled,https://247sports.com/Player/jordan-mabin-53347/,"Macedonia, OH",41.313667,-81.50845
2007,Recruit,Niko Mafuli,OG,6-3,293,,,,0,University City Sr.,St. Louis,MO,,Enrolled,https://247sports.com/Player/niko-mafuli-53349/,"St. Louis, MO",38.6254063,-90.190009
2007,Recruit,Bryce McNaul,ILB,6-3,242,,,,0,Eden Prairie,Eden Prairie,MN,,Enrolled,https://247sports.com/Player/bryce-mcnaul-53350/,"Eden Prairie, MN",44.8546856,-93.470786
2007,Recruit,Alex Netter,OT,6-4,250,,,,0,Cardinal Newman,Santa Rosa,CA,,Enrolled,https://247sports.com/Player/alex-netter-53351/,"Santa Rosa, CA",38.4404925,-122.7141049
2007,Recruit,Dan Persa,DUAL,6-2,201,,,,0,Liberty,Bethlehem,PA,,Enrolled,https://247sports.com/Player/dan-persa-53352/,"Bethlehem, PA",-1.45056,-48.4682453
2007,Recruit,Brian Peters,S,6-4,194,,,,0,Pickerington Central,Pickerington,OH,,Enrolled,https://247sports.com/Player/brian-peters-53355/,"Pickerington, OH",39.8842304,-82.7535049
2007,Recruit,Josh Rooks,TE,6-6,250,,,,0,Holland Christian,Holland,MI,,Enrolled,https://247sports.com/Player/josh-rooks-53356/,"Holland, MI",42.7876022,-86.1090828
2007,Recruit,Kevin Watt,WDE,6-4,225,,,,0,Glenbard West,Glen Ellyn,IL,,Enrolled,https://247sports.com/Player/kevin-watt-53358/,"Glen Ellyn, IL",41.8775293,-88.0670118
2008,Recruit,Nick Adamle,OG,6-5,298,,,,0,Wheaton North,Wheaton,IL,,Enrolled,https://247sports.com/Player/nick-adamle-55748/,"Wheaton, IL",41.8646959,-88.1101709
2008,Recruit,Brian Arnfelt,WDE,6-5,243,,,,0,Stillwater Area,Stillwater,MN,,Enrolled,https://247sports.com/Player/brian-arnfelt-55749/,"Stillwater, MN",45.0559126,-92.807572
2008,Recruit,Hunter Bates,S,5-9,159,,,,0,Nease,Ponte Vedra Beach,FL,,Enrolled,https://247sports.com/Player/hunter-bates-55751/,"Ponte Vedra Beach, FL",30.2396865,-81.3856384
2008,Recruit,Martin Bayless,WR,6-2,200,,,,0,Fort Bend Hightower,Missouri City,TX,,Enrolled,https://247sports.com/Player/martin-bayless-55752/,"Missouri City, TX",29.6185669,-95.5377215
2008,Recruit,Alex Daniel,APB,5-11,191,,,,0,Roswell,Roswell,GA,,Enrolled,https://247sports.com/Player/alex-daniel-55753/,"Roswell, GA",34.02332,-84.360022
2008,Recruit,Jared Carpenter,S,5-11,186,,,,0,Bowling Green,Bowling Green,KY,,Enrolled,https://247sports.com/Player/jared-carpenter-55756/,"Bowling Green, KY",36.9929203,-86.4428677
2008,Recruit,Neal Deiters,OT,6-9,342,,,,0,York Community,Elmhurst,IL,,Enrolled,https://247sports.com/Player/neal-deiters-55758/,"Elmhurst, IL",41.8994745,-87.9403418
2008,Recruit,Demetrius Dugar,CB,5-11,175,,,,0,Aldine,Houston,TX,,Enrolled,https://247sports.com/Player/demetrius-dugar-55762/,"Houston, TX",29.7589382,-95.3676974
2008,Recruit,Jeremy Ebert,ATH,6-0,178,,,,0,Hilliard Darby,Hilliard,OH,,Enrolled,https://247sports.com/Player/jeremy-ebert-55765/,"Hilliard, OH",40.033814,-83.1596108
2008,Recruit,Demetrius Fields,WR,6-0,192,,,,0,South Oak Cliff,Dallas,TX,,Enrolled,https://247sports.com/Player/demetrius-fields-55770/,"Dallas, TX",32.7762719,-96.7968559
2008,Recruit,Caleb Harper,CB,5-11,175,,,,0,Siegel,Murfreesboro,TN,,Enrolled,https://247sports.com/Player/caleb-harper-55773/,"Murfreesboro, TN",35.8460396,-86.3921096
2008,Recruit,Evan Luxenburg,DT,6-3,280,,,,0,Beachwood,Beachwood,OH,,Enrolled,https://247sports.com/Player/evan-luxenburg-55776/,"Beachwood, OH",41.464498,-81.508732
2008,Recruit,Jeravin Matthews,WR,5-9,170,,,,0,Canon-McMillan,Canonsburg,PA,,Enrolled,https://247sports.com/Player/jeravin-matthews-55777/,"Canonsburg, PA",40.2588173,-80.1867206
2008,Recruit,Brian Mulroe,OG,6-6,263,,,,0,Loyola Academy,Wilmette,IL,,Enrolled,https://247sports.com/Player/brian-mulroe-55780/,"Wilmette, IL",42.076066,-87.7115555
2008,Recruit,Brett Nagel,OLB,6-4,225,,,,0,Lemont,Lemont,IL,,Enrolled,https://247sports.com/Player/brett-nagel-55783/,"Lemont, IL",41.6737149,-88.0016263
2008,Recruit,David Nwabuisi,ATH,6-1,230,,,,0,Episcopal,Bellaire,TX,,Enrolled,https://247sports.com/Player/david-nwabuisi-55786/,"Bellaire, TX",29.7057858,-95.4588299
2008,Recruit,Stone Pinckney,ILB,5-11,202,,,,0,Hammond School,Columbia,SC,,Enrolled,https://247sports.com/Player/stone-pinckney-55791/,"Columbia, SC",34.000754,-81.0352313
2008,Recruit,Chuck Porcelli,OT,6-8,285,,,,0,Montini Catholic,Lombard,IL,,Enrolled,https://247sports.com/Player/chuck-porcelli-55792/,"Lombard, IL",41.8864687,-88.0201536
2008,Recruit,Jeff Radek,OT,6-6,277,,,,0,Neuqua Valley,Naperville,IL,,Enrolled,https://247sports.com/Player/jeff-radek-55796/,"Naperville, IL",41.7728699,-88.1479278
2008,Recruit,Quentin Williams,TE,6-3,235,,,,0,Central Catholic,Pittsburgh,PA,,Enrolled,https://247sports.com/Player/quentin-williams-55803/,"Pittsburgh, PA",40.4406968,-80.0025666
2009,Recruit,Evan Watkins,PRO,6-6,230,,,,0,Glenbard North,Carol Stream,IL,,Enrolled,https://247sports.com/Player/evan-watkins-30714/,"Carol Stream, IL",41.9125286,-88.1347927
2009,Recruit,Anthony Battle,WDE,6-3,230,,,,0,Mt. Carmel,San Diego,CA,,Enrolled,https://247sports.com/Player/anthony-battle-30472/,"San Diego, CA",32.7174202,-117.162772
2009,Recruit,Jeff Budzien,K,5-11,155,,,,0,Arrowhead,Hartland,WI,,Enrolled,https://247sports.com/Player/jeff-budzien-30473/,"Hartland, WI",43.105008,-88.3420398
2009,Recruit,Arby Fields,APB,5-8,187,,,,0,Los Osos,Rancho Cucamonga,CA,,Enrolled,https://247sports.com/Player/arby-fields-30474/,"Rancho Cucamonga, CA",34.1033192,-117.575173
2009,Recruit,Cooper Gerami,S,5-11,192,,,,0,St. Thomas More,Lafayette,LA,,Enrolled,https://247sports.com/Player/cooper-gerami-30476/,"Lafayette, LA",30.2262187,-92.0178202
2009,Recruit,Roderick Goodlow,OLB,6-2,202,,,,0,Adamson,Dallas,TX,,Enrolled,https://247sports.com/Player/roderick-goodlow-30477/,"Dallas, TX",32.7762719,-96.7968559
2009,Recruit,Drew Moulton,WR,5-11,164,,,,0,Midland,Midland,MI,,Enrolled,https://247sports.com/Player/drew-moulton-30478/,"Midland, MI",43.6155825,-84.2472117
2009,Recruit,Taylor Paxton,OG,6-5,265,,,,0,Cherry Creek,Englewood,CO,,Enrolled,https://247sports.com/Player/taylor-paxton-30479/,"Englewood, CO",39.6482059,-104.9879641
2009,Recruit,John Plasencia,SDE,6-5,245,,,,0,Tampa Jesuit,Tampa,FL,,Enrolled,https://247sports.com/Player/john-plasencia-30481/,"Tampa, FL",27.9449854,-82.4583107
2009,Recruit,Davon Custis,SDE,6-5,220,,,,0,St. Francis de Sales,Columbus,OH,,Enrolled,https://247sports.com/Player/davon-custis-23683/,"Columbus, OH",39.9622601,-83.0007065
2009,Recruit,Damien Proby,OLB,6-0,208,,,,0,Cheyenne,North Las Vegas,NV,,Enrolled,https://247sports.com/Player/damien-proby-30569/,"North Las Vegas, NV",36.2005191,-115.1214745
2009,Recruit,Tim Riley,OLB,6-3,220,,,,0,Oswego,Oswego,IL,,Enrolled,https://247sports.com/Player/tim-riley-30570/,"Oswego, IL",41.6834778,-88.3525714
2009,Recruit,Tyler Scott,OLB,6-4,220,,,,0,Howland,Warren,OH,,Enrolled,https://247sports.com/Player/tyler-scott-30571/,"Warren, OH",39.4203978,-84.180897
2009,Recruit,Brian Smith,OT,6-7,277,,,,0,Walsh Jesuit,Stow,OH,,Enrolled,https://247sports.com/Player/brian-smith-30572/,"Stow, OH",41.1596261,-81.4406258
2009,Recruit,Will Studlien,ILB,6-2,220,,,,0,Big Walnut,Sunbury,OH,,Enrolled,https://247sports.com/Player/will-studlien-30575/,"Sunbury, OH",40.2425623,-82.8590673
2009,Recruit,Mike Trumpy,RB,6-0,197,,,,0,Wheaton North,Wheaton,IL,,Enrolled,https://247sports.com/Player/mike-trumpy-30576/,"Wheaton, IL",41.8646959,-88.1101709
2009,Recruit,Davion Fleming,S,6-0,210,,,,0,Upland,Upland,CA,,Enrolled,https://247sports.com/Player/davion-fleming-30475/,"Upland, CA",34.09751,-117.6483876
2009,Recruit,Brian Smith,OT,6-7,277,,,,0,Cuyahoga Falls,Cuyahoga Falls,OH,,Signed,https://247sports.com/Player/brian-smith-30574/,"Cuyahoga Falls, OH",41.1362729,-81.4828123
2010,Recruit,Tony Jones,WR,6-1,180,,,,0,Grand Blanc Community,Grand Blanc,MI,,Enrolled,https://247sports.com/Player/tony-jones-2964/,"Grand Blanc, MI",42.9275277,-83.6299518
2010,Recruit,C.J. Bryant,CB,6-0,175,,,,0,Gahanna Lincoln,Columbus,OH,,Enrolled,https://247sports.com/Player/cj-bryant-2956/,"Columbus, OH",39.9622601,-83.0007065
2010,Recruit,Ibraheim Campbell,S,5-11,188,,,,0,Springside Chestnut Hill Academy,Philadelphia,PA,,Enrolled,https://247sports.com/Player/ibraheim-campbell-2957/,"Philadelphia, PA",39.9527237,-75.1635262
2010,Recruit,Chance Carter,WDE,6-4,235,,,,0,Loyola Academy,Wilmette,IL,,Enrolled,https://247sports.com/Player/chance-carter-2958/,"Wilmette, IL",42.076066,-87.7115555
2010,Recruit,Kain Colter,ATH,6-1,185,,,,0,Cherry Creek,Englewood,CO,,Enrolled,https://247sports.com/Player/kain-colter-2959/,"Englewood, CO",39.6482059,-104.9879641
2010,Recruit,Collin Ellis,OLB,6-1,200,,,,0,Dunham School,Baton Rouge,LA,,Enrolled,https://247sports.com/Player/collin-ellis-2960/,"Baton Rouge, LA",30.4494155,-91.1869659
2010,Recruit,Jimmy Hall,WR,6-1,185,,,,0,Sylvania Southview,Sylvania,OH,,Enrolled,https://247sports.com/Player/jimmy-hall-2961/,"Sylvania, OH",41.7188956,-83.7127729
2010,Recruit,Will Hampton,DT,6-3,270,,,,0,Cy Creek,Houston,TX,,Enrolled,https://247sports.com/Player/will-hampton-2962/,"Houston, TX",29.7589382,-95.3676974
2010,Recruit,Chi Chi Ariguzo,OLB,6-3,215,,,,0,St. Francis de Sales,Columbus,OH,,Enrolled,https://247sports.com/Player/chi-chi-ariguzo-2955/,"Columbus, OH",39.9622601,-83.0007065
2010,Recruit,Daniel Jones,CB,5-11,176,,,,0,Florida A&M University Developmental Research Scho,Tallahassee,FL,,Enrolled,https://247sports.com/Player/daniel-jones-2963/,"Tallahassee, FL",30.4380832,-84.2809332
2010,Recruit,Paul Jorgensen,OT,6-6,274,,,,0,DeWitt,DeWitt,MI,,Enrolled,https://247sports.com/Player/paul-jorgensen-2965/,"DeWitt, MI",42.8424784,-84.5697965
2010,Recruit,Rashad Lawrence,WR,6-2,195,,,,0,Olympia,Orlando,FL,,Enrolled,https://247sports.com/Player/rashad-lawrence-2966/,"Orlando, FL",28.5421218,-81.379045
2010,Recruit,Venric Mark,ATH,5-9,160,,,,0,St. Pius X,Houston,TX,,Enrolled,https://247sports.com/Player/venric-mark-2967/,"Houston, TX",29.7589382,-95.3676974
2010,Recruit,Sean McEvilly,OT,6-5,270,,,,0,Orange Lutheran,Orange,CA,,Enrolled,https://247sports.com/Player/sean-mcevilly-2968/,"Orange, CA",33.750631,-117.8722311
2010,Recruit,Trevor Siemian,PRO,6-3,180,,,,0,Olympia,Orlando,FL,,Enrolled,https://247sports.com/Player/trevor-siemian-2969/,"Orlando, FL",28.5421218,-81.379045
2010,Recruit,Adonis Smith,RB,5-11,185,,,,0,Junipero Serra,Gardena,CA,,Enrolled,https://247sports.com/Player/adonis-smith-2970/,"Gardena, CA",33.8815601,-118.2935879
2010,Recruit,Brandon Vitabile,OG,6-3,298,,,,0,Bishop George Ahr,Edison,NJ,,Enrolled,https://247sports.com/Player/brandon-vitabile-2971/,"Edison, NJ",40.5005351,-74.3983939
2011,Recruit,Treyvon Green,RB,5-9,195,,80.0,,3,Rowlett,Rowlett,TX,,Enrolled,https://247sports.com/Player/treyvon-green-2175/,"Rowlett, TX",32.9029017,-96.56388
2011,Recruit,Deonte Gibson,SDE,6-3,225,,88.0,,3,St. Edward,Lakewood,OH,,Signed,https://247sports.com/Player/deonte-gibson-917/,"Lakewood, OH",41.4819932,-81.7981908
2011,Recruit,Jack Konopka,OT,6-5,260,,88.0,,3,Fremd,Palatine,IL,,Signed,https://247sports.com/Player/jack-konopka-1828/,"Palatine, IL",42.1105502,-88.0434304
2011,Recruit,Geoff Mogus,OT,6-5,280,,83.0,,3,St. Edward,Lakewood,OH,,Signed,https://247sports.com/Player/geoff-mogus-1988/,"Lakewood, OH",41.4819932,-81.7981908
2011,Recruit,Andrew Smith,OLB,6-2,200,,82.0,,3,Colerain,Cincinnati,OH,,Signed,https://247sports.com/Player/andrew-smith-7386/,"Cincinnati, OH",39.1012809,-84.5127405
2011,Recruit,Jordan Perkins,RB,6-0,185,,82.0,,3,Lodi,Lodi,CA,,Signed,https://247sports.com/Player/jordan-perkins-7662/,"Lodi, CA",38.1342805,-121.2736022
2011,Recruit,Cameron Dickerson,WR,6-3,200,,81.0,,3,Bergen Catholic,Oradell,NJ,,Signed,https://247sports.com/Player/cameron-dickerson-1986/,"Oradell, NJ",40.9543943,-74.0308504
2011,Recruit,Mark Szott,TE,6-4,225,,81.0,,3,Waubonsie Valley,Aurora,IL,,Signed,https://247sports.com/Player/mark-szott-1835/,"Aurora, IL",41.7571701,-88.3147539
2011,Recruit,Zack Oliver,PRO,6-4,220,,81.0,,3,Baton Rouge Catholic,Baton Rouge,LA,,Signed,https://247sports.com/Player/zack-oliver-1989/,"Baton Rouge, LA",30.4494155,-91.1869659
2011,Recruit,Shane Mertz,OT,6-7,280,,80.0,,3,Raritan,Hazlet,NJ,,Signed,https://247sports.com/Player/shane-mertz-186/,"Hazlet, NJ",40.4292165,-74.1648999
2011,Recruit,Max Chapman,WDE,6-3,230,,80.0,,3,Nease,Ponte Vedra Beach,FL,,Signed,https://247sports.com/Player/max-chapman-1985/,"Ponte Vedra Beach, FL",30.2396865,-81.3856384
2011,Recruit,Jarrell Williams,CB,5-10,165,,80.0,,3,H.L. Richards,Oak Lawn,IL,,Signed,https://247sports.com/Player/jarrell-williams-1829/,"Oak Lawn, IL",41.7108662,-87.7581081
2011,Recruit,Xavier Youngblood-Ary,WR,6-2,185,,79.0,,2,Lake Brantley,Altamonte Springs,FL,,Signed,https://247sports.com/Player/xavier-youngblood-ary-8530/,"Altamonte Springs, FL",28.6619154,-81.3885899
2011,Recruit,Nick VanHoose,CB,6-1,175,,79.0,,2,Graham,Saint Paris,OH,,Signed,https://247sports.com/Player/nick-vanhoose-1928/,"Saint Paris, OH",40.1285533,-83.9591444
2011,Recruit,Matt Frazier,OG,6-4,280,,78.0,,2,Bishop McNamara,Kankakee,IL,,Signed,https://247sports.com/Player/matt-frazier-1831/,"Kankakee, IL",41.1253903,-87.848682
2011,Recruit,CJ Robbins,SDE,6-5,240,,76.0,,2,La Salle-Peru Township,La Salle,IL,,Signed,https://247sports.com/Player/cj-robbins-1927/,"La Salle, IL",41.3333679,-89.0917497
2012,Recruit,Austin Carr,WR,6-1,195,,,,0,Benicia,Benicia,CA,,Enrolled,https://247sports.com/Player/austin-carr-86108/,"Benicia, CA",38.049365,-122.1585777
2012,Recruit,Ifeadi Odenigbo,OLB,6-3,212,,95.0,,4,Centerville,Dayton,OH,,Signed,https://247sports.com/Player/ifeadi-odenigbo-10179/,"Dayton, OH",39.7589478,-84.1916069
2012,Recruit,Malin Jones,RB,6-2,190,,87.0,,3,Joliet Catholic Academy,Joliet,IL,,Signed,https://247sports.com/Player/malin-jones-7614/,"Joliet, IL",41.5263603,-88.0840212
2012,Recruit,Eric Olson,OT,6-6,275,,85.0,,3,Buckingham Browne & Nichols School,Cambridge,MA,,Signed,https://247sports.com/Player/eric-olson-11520/,"Cambridge, MA",42.3656347,-71.1040018
2012,Recruit,Ian Park,OG,6-3,296,,85.0,,3,Upper St. Clair,Upper St. Clair,PA,,Signed,https://247sports.com/Player/ian-park-10099/,"Upper St. Clair, PA",40.3359029,-80.0833881
2012,Recruit,Dean Lowry,WDE,6-5,230,,85.0,,3,Boylan Central Catholic,Rockford,IL,,Signed,https://247sports.com/Player/dean-lowry-10242/,"Rockford, IL",42.2713945,-89.093966
2012,Recruit,Greg Kuhar,DT,6-3,265,,84.0,,3,St. Edward,Lakewood,OH,,Signed,https://247sports.com/Player/greg-kuhar-11316/,"Lakewood, OH",41.4819932,-81.7981908
2012,Recruit,Terrance Brown,WR,6-0,195,,83.0,,3,Los Alamitos,Los Alamitos,CA,,Signed,https://247sports.com/Player/terrance-brown-15012/,"Los Alamitos, CA",33.8038865,-118.0772433
2012,Recruit,Eric Wilson,S,6-2,205,,83.0,,3,Lee M. Thurston,Redford,MI,,Signed,https://247sports.com/Player/eric-wilson-13892/,"Redford, MI",42.3833698,-83.2965971
2012,Recruit,Joseph Jones,ATH,6-0,185,,82.0,,3,Plano,Plano,IL,,Signed,https://247sports.com/Player/joseph-jones-12845/,"Plano, IL",41.662877,-88.5366814
2012,Recruit,Andrew Scanlan,WR,6-2,190,,82.0,,3,Spring-Ford,Royersford,PA,,Signed,https://247sports.com/Player/andrew-scanlan-17185/,"Royersford, PA",40.184174,-75.5377894
2012,Recruit,Traveon Henry,ATH,6-1,175,,81.0,,3,Pine Crest School,Fort Lauderdale,FL,,Signed,https://247sports.com/Player/traveon-henry-871/,"Fort Lauderdale, FL",26.1223084,-80.1433786
2012,Recruit,Kent Playko,OT,6-5,265,,81.0,,3,Olentangy,Lewis Center,OH,,Signed,https://247sports.com/Player/kent-playko-11401/,"Lewis Center, OH",40.1983958,-83.0101843
2012,Recruit,Adam DePietro,OG,6-4,280,,80.0,,3,Lancaster Catholic,Lancaster,PA,,Signed,https://247sports.com/Player/adam-depietro-11335/,"Lancaster, PA",40.0379958,-76.3056707
2012,Recruit,Jaylen Prater,RB,6-1,215,,80.0,,3,Wellston,Wellston,OH,,Signed,https://247sports.com/Player/jaylen-prater-11025/,"Wellston, OH",39.1234054,-82.5329377
2012,Recruit,Danny Vitale,ATH,6-2,195,,79.0,,2,Wheaton Warrenville South,Wheaton,IL,,Signed,https://247sports.com/Player/danny-vitale-13385/,"Wheaton, IL",41.8646959,-88.1101709
2012,Recruit,Dwight White,CB,5-11,165,,79.0,,2,Cy-Fair,Cypress,TX,,Signed,https://247sports.com/Player/dwight-white-12566/,"Cypress, TX",29.9691116,-95.6971686
2012,Recruit,Mike McHugh,WR,6-2,180,,78.0,,2,Kirkwood,Kirkwood,MO,,Signed,https://247sports.com/Player/mike-mchugh-14565/,"Kirkwood, MO",38.5800713,-90.4069177
2012,Recruit,Stephen Buckley,ATH,5-11,175,,78.0,,2,Forney,Forney,TX,,Signed,https://247sports.com/Player/stephen-buckley-16654/,"Forney, TX",32.747893,-96.4719289
2012,Recruit,Connor Mahoney,OG,6-4,270,,77.0,,2,Malvern Prep,Malvern,PA,,Signed,https://247sports.com/Player/connor-mahoney-10096/,"Malvern, PA",40.036202,-75.5138959
2012,Recruit,Jack Schwaba,TE,6-5,240,,76.0,,2,Upper St. Clair,Upper St. Clair,PA,,Signed,https://247sports.com/Player/jack-schwaba-12360/,"Upper St. Clair, PA",40.3359029,-80.0833881
2012,Recruit,Chris Fitzpatrick,LS,6-1,230,,74.0,,2,Anderson County,Lawrenceburg,KY,,Signed,https://247sports.com/Player/chris-fitzpatrick-14566/,"Lawrenceburg, KY",38.0371378,-84.8962551
2013,Recruit,Tyler Lancaster,OC,6-3,260,,92.0,,4,Plainfield,Plainfield,IL,,Enrolled,https://247sports.com/Player/tyler-lancaster-21191/,"Plainfield, IL",41.6086711,-88.2054345
2013,Recruit,Matt Alviti,DUAL,6-1,180,,91.0,,4,Maine South,Park Ridge,IL,,Enrolled,https://247sports.com/Player/matt-alviti-8541/,"Park Ridge, IL",42.0112329,-87.8406031
2013,Recruit,Keith Watkins,RB,6-0,180,,86.0,,3,Archbishop Moeller,Cincinnati,OH,,Enrolled,https://247sports.com/Player/keith-watkins-18790/,"Cincinnati, OH",39.1012809,-84.5127405
2013,Recruit,Sam Coverdale,OT,6-7,275,,86.0,,3,Kenston,Chagrin Falls,OH,,Enrolled,https://247sports.com/Player/sam-coverdale-19291/,"Chagrin Falls, OH",41.436589,-81.3855058
2013,Recruit,Matt Harris,WR,5-11,170,,86.0,,3,Lyons Township,La Grange,IL,,Enrolled,https://247sports.com/Player/matt-harris-21715/,"La Grange, IL",41.81483,-87.8735662
2013,Recruit,Blake King,OT,6-5,260,,86.0,,3,Minooka,Minooka,IL,,Enrolled,https://247sports.com/Player/blake-king-17624/,"Minooka, IL",41.4553084,-88.2617305
2013,Recruit,Anthony Walker,OLB,6-1,205,,85.0,,3,Monsignor Pace,Opa Locka,FL,,Enrolled,https://247sports.com/Player/anthony-walker-10371/,"Opa Locka, FL",25.9023168,-80.2503271
2013,Recruit,Godwin Igwebuike,ATH,6-0,190,,85.0,,3,Pickerington North,Pickerington,OH,,Enrolled,https://247sports.com/Player/godwin-igwebuike-16881/,"Pickerington, OH",39.8842304,-82.7535049
2013,Recruit,Tommy Fuessel,DUAL,6-3,180,,85.0,,3,Lincoln-Way East,Frankfort,IL,,Enrolled,https://247sports.com/Player/tommy-fuessel-21805/,"Frankfort, IL",41.4979467,-87.8495946
2013,Recruit,Kyle Queiro,ATH,6-2,190,,85.0,,3,Bergen Catholic,Oradell,NJ,,Enrolled,https://247sports.com/Player/kyle-queiro-16045/,"Oradell, NJ",40.9543943,-74.0308504
2013,Recruit,Xavier Menifield,RB,5-10,185,,85.0,,3,Sierra Canyon,Chatsworth,CA,,Enrolled,https://247sports.com/Player/xavier-menifield-22021/,"Chatsworth, CA",34.2572499,-118.6017022
2013,Recruit,Brad North,OG,6-3,275,,84.0,,3,Allen,Allen,TX,,Enrolled,https://247sports.com/Player/brad-north-20541/,"Allen, TX",33.1031744,-96.6705503
2013,Recruit,Jayme Taylor,TE,6-3,225,,84.0,,3,The Woodlands,The Woodlands,TX,,Enrolled,https://247sports.com/Player/jayme-taylor-13561/,"The Woodlands, TX",30.1734194,-95.504686
2013,Recruit,Brett Walsh,OLB,6-2,215,,81.0,,3,Monrovia,Monrovia,CA,,Enrolled,https://247sports.com/Player/brett-walsh-22671/,"Monrovia, CA",34.1483499,-118.0014517
2013,Recruit,Eric Joraskie,DT,6-4,260,,79.0,,2,Mount Carmel,Mount Carmel,PA,,Enrolled,https://247sports.com/Player/eric-joraskie-18664/,"Mount Carmel, PA",40.7968393,-76.4131097
2013,Recruit,Warren Miles-Long,RB,6-0,195,,78.0,,2,James Logan,Union City,CA,,Enrolled,https://247sports.com/Player/warren-miles-long-18967/,"Union City, CA",37.5872576,-122.0215737
2013,Recruit,Marcus McShepard,WR,5-10,180,,78.0,,2,Cleveland Heights,Cleveland,OH,,Enrolled,https://247sports.com/Player/marcus-mcshepard-26638/,"Cleveland, OH",41.4996574,-81.6936772
2013,Recruit,Macan Wilson,WR,6-1,180,,76.0,,2,Houston Kinkaid,Houston,TX,,Enrolled,https://247sports.com/Player/macan-wilson-15700/,"Houston, TX",29.7589382,-95.3676974
2013,Recruit,Hunter Niswander,K,6-5,210,,75.0,,2,Woodridge,Peninsula,OH,,Enrolled,https://247sports.com/Player/hunter-niswander-21915/,"Peninsula, OH",41.241167,-81.552618
2014,Recruit,Clayton Thorson,PRO,6-4,205,,96.0,,4,Wheaton North,Wheaton,IL,,Signed,https://247sports.com/Player/clayton-thorson-21819/,"Wheaton, IL",41.8646959,-88.1101709
2014,Recruit,Garrett Dickerson,WDE,6-4,240,,95.0,,4,Bergen Catholic,Oradell,NJ,,Signed,https://247sports.com/Player/garrett-dickerson-20489/,"Oradell, NJ",40.9543943,-74.0308504
2014,Recruit,Justin Jackson,APB,5-11,180,,94.0,,4,Glenbard North,Carol Stream,IL,,Signed,https://247sports.com/Player/justin-jackson-23376/,"Carol Stream, IL",41.9125286,-88.1347927
2014,Recruit,Parrker Westphal,CB,6-0,186,,93.0,,4,Bolingbrook,Bolingbrook,IL,,Signed,https://247sports.com/Player/parrker-westphal-20546/,"Bolingbrook, IL",41.7003302,-88.0717708
2014,Recruit,Tommy Doles,OT,6-5,240,,88.0,,3,Grand Rapids Christian,Grand Rapids,MI,,Signed,https://247sports.com/Player/tommy-doles-21908/,"Grand Rapids, MI",42.9632425,-85.6678639
2014,Recruit,Auston Anderson,RB,5-9,180,,88.0,,3,Plano West,Plano,TX,,Signed,https://247sports.com/Player/auston-anderson-29149/,"Plano, TX",33.0136764,-96.6925096
2014,Recruit,Blake Hance,TE,6-6,265,,87.0,,3,Jacksonville,Jacksonville,IL,,Signed,https://247sports.com/Player/blake-hance-21751/,"Jacksonville, IL",39.7343697,-90.228782
2014,Recruit,Solomon Vault,APB,5-9,188,,87.0,,3,Gaithersburg,Gaithersburg,MD,,Signed,https://247sports.com/Player/solomon-vault-21608/,"Gaithersburg, MD",39.1399187,-77.1929215
2014,Recruit,Ben Oxley,OT,6-6,245,,86.0,,3,Avon Lake,Avon Lake,OH,,Signed,https://247sports.com/Player/ben-oxley-28751/,"Avon Lake, OH",41.510033,-82.0185895
2014,Recruit,Fred Wyatt,DT,6-4,260,,86.0,,3,Lawrence Free State,Lawrence,KS,,Signed,https://247sports.com/Player/fred-wyatt-29512/,"Lawrence, KS",38.9719137,-95.2359403
2014,Recruit,Nate Hall,ATH,6-3,200,,84.0,,3,Sylvania Southview,Sylvania,OH,,Signed,https://247sports.com/Player/nate-hall-21802/,"Sylvania, OH",41.7188956,-83.7127729
2014,Recruit,Cameron Queiro,OLB,6-1,207,,83.0,,3,Bergen Catholic,Oradell,NJ,,Signed,https://247sports.com/Player/cameron-queiro-31000/,"Oradell, NJ",40.9543943,-74.0308504
2014,Recruit,Jared McGee,S,6-0,180,,81.0,,3,Mansfield Legacy,Mansfield,TX,,Signed,https://247sports.com/Player/jared-mcgee-37862/,"Mansfield, TX",32.563487,-97.1420308
2014,Recruit,James Prather,OLB,6-4,235,,80.0,,3,Memphis University School,Memphis,TN,,Signed,https://247sports.com/Player/james-prather-19303/,"Memphis, TN",35.146026,-90.0517786
2014,Recruit,Xavier Washington,SDE,6-1,231,,76.0,,2,Cedar Hill,Cedar Hill,TX,,Signed,https://247sports.com/Player/xavier-washington-21078/,"Cedar Hill, TX",32.5888072,-96.9553675
2015,Recruit,Joe Gaziano,SDE,6-4,242,,89.0,,3,Xaverian Brothers,Westwood,MA,,Enrolled,https://247sports.com/Player/joe-gaziano-43105/,"Westwood, MA",42.2186913,-71.2233829
2015,Recruit,John Moten,RB,6-0,188,,88.0,,3,John Burroughs School,St. Louis,MO,,Enrolled,https://247sports.com/Player/john-moten-36887/,"St. Louis, MO",38.6254063,-90.190009
2015,Recruit,Simba Short,S,6-2,210,,88.0,,3,De La Salle,Concord,CA,,Enrolled,https://247sports.com/Player/simba-short-35058/,"Concord, CA",37.9768525,-122.0335624
2015,Recruit,Nathan Fox,ILB,6-2,230,,87.0,,3,Clear Lake,Houston,TX,,Enrolled,https://247sports.com/Player/nathan-fox-29801/,"Houston, TX",29.7589382,-95.3676974
2015,Recruit,Flynn Nagel,WR,5-11,190,,87.0,,3,Lemont,Lemont,IL,,Enrolled,https://247sports.com/Player/flynn-nagel-28432/,"Lemont, IL",41.6737149,-88.0016263
2015,Recruit,Jordan Thompson,DT,6-3,250,,87.0,,3,LaSalle,Cincinnati,OH,,Enrolled,https://247sports.com/Player/jordan-thompson-37749/,"Cincinnati, OH",39.1012809,-84.5127405
2015,Recruit,Jared Thomas,OG,6-4,255,,86.0,,3,Cathedral,Indianapolis,IN,,Enrolled,https://247sports.com/Player/jared-thomas-26523/,"Indianapolis, IN",39.7683331,-86.1583502
2015,Recruit,Trent Goens,WDE,6-3,245,,85.0,,3,Chino Hills,Chino,CA,,Enrolled,https://247sports.com/Player/trent-goens-36999/,"Chino, CA",34.0133561,-117.690075
2015,Recruit,Charlie Fessler,WR,6-4,195,,85.0,,3,Cathedral Prep,Erie,PA,,Enrolled,https://247sports.com/Player/charlie-fessler-33060/,"Erie, PA",42.1294712,-80.0852695
2015,Recruit,Cameron Green,WR,6-2,195,,85.0,,3,Adlai Stevenson,Lincolnshire,IL,,Enrolled,https://247sports.com/Player/cameron-green-28343/,"Lincolnshire, IL",42.1900249,-87.9084039
2015,Recruit,Tommy Vitale,OLB,6-2,220,,85.0,,3,Wheaton Warrenville South,Wheaton,IL,,Enrolled,https://247sports.com/Player/tommy-vitale-54665/,"Wheaton, IL",41.8646959,-88.1101709
2015,Recruit,Adam Lemke-Bell,OT,6-5,255,,85.0,,3,River Forest,Oak Park,IL,,Enrolled,https://247sports.com/Player/adam-lemke-bell-38311/,"Oak Park, IL",41.8878145,-87.7887615
2015,Recruit,Trae Williams,ATH,6-0,195,,84.0,,3,Athens,The Plains,OH,,Enrolled,https://247sports.com/Player/trae-williams-69558/,"The Plains, OH",39.3700911,-82.1323674
2015,Recruit,Lloyd Yates,DUAL,6-1,180,,84.0,,3,River Forest,Oak Park,IL,,Enrolled,https://247sports.com/Player/lloyd-yates-32128/,"Oak Park, IL",41.8878145,-87.7887615
2015,Recruit,Alonzo Mayo,CB,5-10,172,,84.0,,3,Gilman,Baltimore,MD,,Enrolled,https://247sports.com/Player/alonzo-mayo-76967/,"Baltimore, MD",39.2908816,-76.610759
2015,Recruit,Jelani Roberts,WR,5-8,153,,83.0,,3,Gilman,Baltimore,MD,,Enrolled,https://247sports.com/Player/jelani-roberts-72190/,"Baltimore, MD",39.2908816,-76.610759
2015,Recruit,Andrew Otterman,OG,6-4,285,,82.0,,3,Delbarton School,Morristown,NJ,,Enrolled,https://247sports.com/Player/andrew-otterman-68830/,"Morristown, NJ",40.7970382,-74.4809868
2015,Recruit,Steven Reese,WR,6-2,185,,82.0,,3,Buford,Buford,GA,,Enrolled,https://247sports.com/Player/steven-reese-58643/,"Buford, GA",34.1206564,-84.0043513
2015,Recruit,Montre Hartage,CB,6-0,180,,81.0,,3,Crisp County,Cordele,GA,,Enrolled,https://247sports.com/Player/montre-hartage-77192/,"Cordele, GA",31.9691606,-83.782718
2015,Recruit,Jacob Murray,S,6-1,194,,79.0,,2,Coppell,Coppell,TX,,Enrolled,https://247sports.com/Player/jacob-murray-37036/,"Coppell, TX",32.9552598,-97.0155703
2016,Recruit,Jeremy Larkin,OG,5-10,180,,88.0,,3,La Salle,Cincinnati,OH,,Enrolled,https://247sports.com/Player/jeremy-larkin-35910/,"Cincinnati, OH",39.1012809,-84.5127405
2016,Recruit,Roderick Campbell Jr.,CB,5-11,180,,88.0,,3,Chaminade,St. Louis,MO,,Enrolled,https://247sports.com/Player/roderick-campbell-jr-75283/,"St. Louis, MO",38.6254063,-90.190009
2016,Recruit,Jango Glackin,OLB,6-2,215,,88.0,,3,IMG Academy,Bradenton,FL,,Enrolled,https://247sports.com/Player/jango-glackin-43899/,"Bradenton, FL",27.4989278,-82.5748194
2016,Recruit,Riley Lees,ATH,6-1,185,,87.0,,3,Libertyville,Libertyville,IL,,Enrolled,https://247sports.com/Player/riley-lees-79794/,"Libertyville, IL",42.2830786,-87.9531303
2016,Recruit,Jake Saunders,DT,6-3,285,,87.0,,3,Loveland,Loveland,OH,,Enrolled,https://247sports.com/Player/jake-saunders-69296/,"Loveland, OH",39.2689476,-84.263826
2016,Recruit,Cameron Kolwich,OG,6-5,270,,87.0,,3,Orchard Lake St. Mary's,Orchard Lake,MI,,Enrolled,https://247sports.com/Player/cameron-kolwich-80238/,"Orchard Lake, MI",42.5869558,-83.368957
2016,Recruit,Nik Urban,OG,6-4,280,,87.0,,3,South,Willoughby,OH,,Enrolled,https://247sports.com/Player/nik-urban-76285/,"Willoughby, OH",41.6397696,-81.4065011
2016,Recruit,Aidan Smith,PRO,6-2,175,,86.0,,3,Carroll,Fort Wayne,IN,,Enrolled,https://247sports.com/Player/aidan-smith-38554/,"Fort Wayne, IN",41.0799898,-85.1386015
2016,Recruit,Ben Skowronek,WR,6-3,195,,86.0,,3,Homestead,Fort Wayne,IN,,Enrolled,https://247sports.com/Player/ben-skowronek-61815/,"Fort Wayne, IN",41.0799898,-85.1386015
2016,Recruit,Tommy Carnifax,SDE,6-5,245,,86.0,,3,Howland,Warren,OH,,Enrolled,https://247sports.com/Player/tommy-carnifax-79731/,"Warren, OH",39.4203978,-84.180897
2016,Recruit,Eric Eshoo,TE,6-5,225,,86.0,,3,Loyola Academy,Wilmette,IL,,Enrolled,https://247sports.com/Player/eric-eshoo-84257/,"Wilmette, IL",42.076066,-87.7115555
2016,Recruit,Jesse Meyler,OT,6-5,280,,85.0,,3,Episcopal,Alexandria,VA,,Enrolled,https://247sports.com/Player/jesse-meyler-79425/,"Alexandria, VA",38.8051095,-77.0470229
2016,Recruit,Mark Gooden,OLB,6-1,221,,84.0,,3,Reynoldsburg,Reynoldsburg,OH,,Enrolled,https://247sports.com/Player/mark-gooden-37298/,"Reynoldsburg, OH",39.9547861,-82.8121191
2016,Recruit,Jesse Brown,APB,5-10,185,,84.0,,3,Brookwood,Snellville,GA,,Enrolled,https://247sports.com/Player/jesse-brown-42190/,"Snellville, GA",33.857328,-84.0199108
2016,Recruit,Gunnar Vogel,OT,6-6,285,,84.0,,3,Westerville South,Westerville,OH,,Enrolled,https://247sports.com/Player/gunnar-vogel-78739/,"Westerville, OH",40.126139,-82.9295287
2016,Recruit,Paddy Fisher,ILB,6-2,225,,83.0,,3,Katy,Katy,TX,,Enrolled,https://247sports.com/Player/paddy-fisher-75678/,"Katy, TX",29.7857853,-95.8243956
2016,Recruit,Ramaud Chiaokhiao-Bowman,WR,6-2.5,191,,82.0,,3,Breck School,Minneapolis,MN,,Enrolled,https://247sports.com/Player/ramaud-chiaokhiao-bowman-81221/,"Minneapolis, MN",44.9772995,-93.2654692
2016,Recruit,Brian Bullock,CB,6-0,175,,81.0,,3,Round Rock,Round Rock,TX,,Enrolled,https://247sports.com/Player/brian-bullock-36519/,"Round Rock, TX",30.5085915,-97.6788056
2016,Recruit,Alex Miller,DT,6-3,270,,81.0,,3,Houston Stratford,Houston,TX,,Enrolled,https://247sports.com/Player/alex-miller-80821/,"Houston, TX",29.7589382,-95.3676974
2016,Recruit,Travis Whillock,S,6-1,185,,80.0,,3,Katy,Katy,TX,,Enrolled,https://247sports.com/Player/travis-whillock-80033/,"Katy, TX",29.7857853,-95.8243956
2017,Recruit,Earnest Brown,SDE,6-5,240,,95.0,,4,Denton Ryan,Denton,TX,,Enrolled,https://247sports.com/Player/earnest-brown-88017/,"Denton, TX",33.1838787,-97.1413417
2017,Recruit,Sam Miller,DT,6-3,260,,89.0,,3,Houston Stratford,Houston,TX,,Enrolled,https://247sports.com/Player/sam-miller-77888/,"Houston, TX",29.7589382,-95.3676974
2017,Recruit,Blake Gallagher,ILB,6-0,220,,88.0,,3,St. Sebastian's,Needham,MA,,Enrolled,https://247sports.com/Player/blake-gallagher-41886/,"Needham, MA",42.2802645,-71.2360624
2017,Recruit,Rashawn Slater,OG,6-4.5,280,,87.0,,3,Fort Bend Clements,Sugar Land,TX,,Enrolled,https://247sports.com/Player/rashawn-slater-87674/,"Sugar Land, TX",29.6196787,-95.6349463
2017,Recruit,J.R. Pace,S,6-1,190,,87.0,,3,Woodward Academy,College Park,GA,,Enrolled,https://247sports.com/Player/jr-pace-82437/,"College Park, GA",33.6534427,-84.4493725
2017,Recruit,Sam Gerak,OC,6-3,270,,86.0,,3,Avon,Avon,OH,,Enrolled,https://247sports.com/Player/sam-gerak-76865/,"Avon, OH",41.4516512,-82.0350598
2017,Recruit,Trevor Kent,TE,6-5,253,,86.0,,3,Pittsburg,Pittsburg,KS,,Enrolled,https://247sports.com/Player/trevor-kent-86291/,"Pittsburg, KS",37.4108841,-94.70496
2017,Recruit,Cameron Ruiz,CB,5-10,165,,86.0,,3,Lakes Community,Lake Villa,IL,,Enrolled,https://247sports.com/Player/cameron-ruiz-88370/,"Lake Villa, IL",42.4169651,-88.0739708
2017,Recruit,Andrew Marty,PRO,6-3.5,200,,84.0,,3,Wyoming,Cincinnati,OH,,Enrolled,https://247sports.com/Player/andrew-marty-84913/,"Cincinnati, OH",39.1012809,-84.5127405
2017,Recruit,Trey Pugh,TE,6-5,225,,84.0,,3,Jonathan Alder,Plain City,OH,,Enrolled,https://247sports.com/Player/trey-pugh-81618/,"Plain City, OH",40.1078821,-83.2669677
2017,Recruit,Berkeley Holman,WR,6-0,185,,84.0,,3,St. John Bosco,Bellflower,CA,,Enrolled,https://247sports.com/Player/berkeley-holman-86465/,"Bellflower, CA",33.8825705,-118.1167679
2017,Recruit,Jace James,WR,6-0,185,,84.0,,3,Glenbard North,Carol Stream,IL,,Enrolled,https://247sports.com/Player/jace-james-89998/,"Carol Stream, IL",41.9125286,-88.1347927
2017,Recruit,Ethan Wiederkehr,OT,6-6,285,,83.0,,3,Shoreham-Wading River,Shoreham,NY,,Enrolled,https://247sports.com/Player/ethan-wiederkehr-83826/,"Shoreham, NY",40.9573208,-72.9076025
2017,Recruit,Peter McIntyre,OLB,6-2,213,,83.0,,3,St. John's Jesuit,Toledo,OH,,Enrolled,https://247sports.com/Player/peter-mcintyre-89716/,"Toledo, OH",41.6529143,-83.5378173
2017,Recruit,Chee Anyanwu,ATH,6-2,190,,83.0,,3,Buford,Buford,GA,,Enrolled,https://247sports.com/Player/chee-anyanwu-87815/,"Buford, GA",34.1206564,-84.0043513
2017,Recruit,Kyric McGowan,WR,5-10,183,,82.0,,3,Dalton,Dalton,GA,,Enrolled,https://247sports.com/Player/kyric-mcgowan-91106/,"Dalton, GA",34.7691867,-84.9702475
2017,Recruit,Austin Hiller,S,6-1,200,,81.0,,3,Lake Travis,Austin,TX,,Enrolled,https://247sports.com/Player/austin-hiller-90528/,"Austin, TX",30.2711286,-97.7436995
2017,Recruit,Bryce Jackson,S,6-0.5,179,,80.0,,3,Denton Guyer,Denton,TX,,Enrolled,https://247sports.com/Player/bryce-jackson-88416/,"Denton, TX",33.1838787,-97.1413417
2017,Recruit,Charlie Kuhbander,K,5-11,185,,79.0,,2,Springboro,Springboro,OH,,Enrolled,https://247sports.com/Player/charlie-kuhbander-94060/,"Springboro, OH",39.5522815,-84.2332718
2018,Recruit,Devin O'Rourke,SDE,6-6,240,,90.0,,4,Lincoln-Way East,Frankfort,IL,,Enrolled,https://247sports.com/Player/devin-orourke-94539/,"Frankfort, IL",41.4979467,-87.8495946
2018,Recruit,Isaiah Bowser,RB,6-1,205,,88.0,,3,Sidney,Sidney,OH,,Enrolled,https://247sports.com/Player/isaiah-bowser-46038955/,"Sidney, OH",40.284241,-84.1555267
2018,Recruit,Jeremiah McDonald,S,6-3,187,,87.0,,3,Northshore,Slidell,LA,,Enrolled,https://247sports.com/Player/jeremiah-mcdonald-46038798/,"Slidell, LA",30.2751945,-89.7811745
2018,Recruit,Eku Leota,WDE,6-3,220,,87.0,,3,Asheville,Asheville,NC,,Enrolled,https://247sports.com/Player/eku-leota-45572510/,"Asheville, NC",35.595363,-82.5508407
2018,Recruit,Greg Newsome,S,6-1,170,,86.0,,3,IMG Academy,Bradenton,FL,,Enrolled,https://247sports.com/Player/greg-newsome-45572630/,"Bradenton, FL",27.4989278,-82.5748194
2018,Recruit,Sam Stovall,OT,6-4,285,,86.0,,3,Notre Dame,Chattanooga,TN,,Enrolled,https://247sports.com/Player/sam-stovall-90789/,"Chattanooga, TN",35.0457219,-85.3094883
2018,Recruit,Payne He'Bert,OT,6-4,273,,86.0,,3,Pearland Dawson,Pearland,TX,,Enrolled,https://247sports.com/Player/payne-hebert-45572388/,"Pearland, TX",29.5639758,-95.2864299
2018,Recruit,Khalid Jones II,ILB,6-1,225,,86.0,,3,Byrnes,Duncan,SC,,Enrolled,https://247sports.com/Player/khalid-jones-ii-83953/,"Duncan, SC",34.9378962,-82.1451096
2018,Recruit,Jason Whittaker,PRO,6-4,197,,86.0,,3,Rockford,Rockford,MI,,Enrolled,https://247sports.com/Player/jason-whittaker-86634/,"Rockford, MI",43.119721,-85.559604
2018,Recruit,Drake Anderson,RB,5-11,180,,86.0,,3,Chandler,Chandler,AZ,,Enrolled,https://247sports.com/Player/drake-anderson-46050207/,"Chandler, AZ",33.3062031,-111.841185
2018,Recruit,A.J. Hampton,CB,5-11,167,,86.0,,3,Wharton,Tampa,FL,,Enrolled,https://247sports.com/Player/aj-hampton-45572922/,"Tampa, FL",27.9449854,-82.4583107
2018,Recruit,Wyatt Blake,OT,6-3.5,308,,86.0,,3,Crystal Lake Central,Crystal Lake,IL,,Enrolled,https://247sports.com/Player/wyatt-blake-83949/,"Crystal Lake, IL",42.2411344,-88.3161965
2018,Recruit,Grayson Mann,OLB,5-11,211,,83.0,,3,All Saints Episcopal,Fort Worth,TX,,Enrolled,https://247sports.com/Player/grayson-mann-88326/,"Fort Worth, TX",32.753177,-97.3327459
2018,Recruit,Charlie Mangieri,ATH,6-4,230,,83.0,,3,Dunlap,Dunlap,IL,,Enrolled,https://247sports.com/Player/charlie-mangieri-94626/,"Dunlap, IL",40.8616513,-89.6777665
2018,Recruit,Brian Kaiser,TE,6-7,210,,81.0,,3,New Trier,Winnetka,IL,,Enrolled,https://247sports.com/Player/brian-kaiser-46037050/,"Winnetka, IL",42.1080703,-87.7365286
2018,Recruit,Jaylen Rivers,ATH,6-2,195,,80.0,,3,Grayson,Loganville,GA,,Enrolled,https://247sports.com/Player/jaylen-rivers-85140/,"Loganville, GA",33.8389977,-83.9007382
2018,Recruit,Charles Schmidt,OG,6-4,270,,80.0,,3,Libertyville,Libertyville,IL,,Enrolled,https://247sports.com/Player/charles-schmidt-91777/,"Libertyville, IL",42.2830786,-87.9531303
2018,Recruit,Jacob Jefferson,WR,5-10.5,170,,83.0,,3,St. Pius X,Houston,TX,,Signed,https://247sports.com/Player/jacob-jefferson-86198/,"Houston, TX",29.7589382,-95.3676974
2019,Recruit,Connor Foster,TE,6-6,270,,90.0,,4,Milford,Milford,OH,,Enrolled,https://247sports.com/Player/connor-foster-46048546/,"Milford, OH",39.174625,-84.2958988
2019,Recruit,Bryce Kirtz,WR,6-0,180,,90.0,,4,Brownsburg,Brownsburg,IN,,Enrolled,https://247sports.com/Player/bryce-kirtz-92197/,"Brownsburg, IN",39.8444409,-86.3968962
2019,Recruit,Genson Hooper-Price,WR,6-4.5,206,,89.0,,3,St. John's,Houston,TX,,Enrolled,https://247sports.com/Player/genson-hooper-price-46039047/,"Houston, TX",29.7589382,-95.3676974
2019,Recruit,Thomas Gordon,TE,6-4,230,,88.0,,3,Strake Jesuit,Houston,TX,,Enrolled,https://247sports.com/Player/thomas-gordon-46036951/,"Houston, TX",29.7589382,-95.3676974
2019,Recruit,Michael Jansey,OLB,6-2,210,,88.0,,3,Batavia,Batavia,IL,,Enrolled,https://247sports.com/Player/michael-jansey-46051447/,"Batavia, IL",41.8500284,-88.3125738
2019,Recruit,Evan Hull,RB,5-11,190,,87.0,,3,Maple Grove,Osseo,MN,,Enrolled,https://247sports.com/Player/evan-hull-46050727/,"Osseo, MN",45.1193908,-93.4024558
2019,Recruit,Duke Olges,SDE,6-5,255,,87.0,,3,New Trier,Winnetka,IL,,Enrolled,https://247sports.com/Player/duke-olges-46050824/,"Winnetka, IL",42.1080703,-87.7365286
2019,Recruit,Brandon Joseph,S,6-1,185,,86.0,,3,College Station,College Station,TX,,Enrolled,https://247sports.com/Player/brandon-joseph-46050761/,"College Station, TX",30.6183939,-96.3455991
2019,Recruit,Corien Azema,S,5-10,180,,86.0,,3,Langham Creek,Houston,TX,,Enrolled,https://247sports.com/Player/corien-azema-46037536/,"Houston, TX",29.7589382,-95.3676974
2019,Recruit,Jason Gold,SDE,6-3,250,,86.0,,3,Clear Springs,League City,TX,,Enrolled,https://247sports.com/Player/jason-gold-46050822/,"League City, TX",29.5074538,-95.0949303
2019,Recruit,Bryce Gallagher,OLB,6-3,215,,86.0,,3,St. Sebastian's,Needham,MA,,Enrolled,https://247sports.com/Player/bryce-gallagher-85075/,"Needham, MA",42.2802645,-71.2360624
2019,Recruit,Malik Washington,ATH,5-9,180,,86.0,,3,Parkview,Lilburn,GA,,Enrolled,https://247sports.com/Player/malik-washington-90215/,"Lilburn, GA",33.8901036,-84.1429719
2019,Recruit,Adetomiwa Adebawore,WDE,6-1.5,251,,85.0,,3,North Kansas City,Kansas City,MO,,Enrolled,https://247sports.com/Player/adetomiwa-adebawore-46053008/,"Kansas City, MO",39.100105,-94.5781416
2019,Recruit,Zachary Franks,OT,6-5,284,,85.0,,3,Gilman,Baltimore,MD,,Enrolled,https://247sports.com/Player/zachary-franks-46049482/,"Baltimore, MD",39.2908816,-76.610759
2019,Recruit,Conrad Rowley,OG,6-4,275,,84.0,,3,Blue Springs,Blue Springs,MO,,Enrolled,https://247sports.com/Player/conrad-rowley-46051961/,"Blue Springs, MO",39.017316,-94.282265
2019,Recruit,Cameron Mitchell,CB,5-11,175,,84.0,,3,Bolingbrook,Bolingbrook,IL,,Enrolled,https://247sports.com/Player/cameron-mitchell-46039355/,"Bolingbrook, IL",41.7003302,-88.0717708
2019,Recruit,Rod Heard II,CB,5-10.5,170,,83.0,,3,Harrison,Farmington,MI,,Enrolled,https://247sports.com/Player/rod-heard-ii-46036409/,"Farmington, MI",42.4644795,-83.3763219
2019,Recruit,Dominick D'Antonio,OT,6-4,280,,83.0,,3,Etowah,Woodstock,GA,,Enrolled,https://247sports.com/Player/dominick-dantonio-46051867/,"Woodstock, GA",34.1014112,-84.5192192
2019,Recruit,Wayne Dennis,WR,6-4,188,,83.0,,3,Armwood,Seffner,FL,,Enrolled,https://247sports.com/Player/wayne-dennis-46054261/,"Seffner, FL",27.998541,-82.274884
2020,Recruit,Peter Skoronski,OG,6-4,275,,98.0,,5,Maine South,Park Ridge,IL,,Enrolled,https://247sports.com/Player/peter-skoronski-46049080/,"Park Ridge, IL",42.0112329,-87.8406031
2020,Recruit,Josh Priebe,OT,6-5,280,,89.0,,3,Edwardsburg,Edwardsburg,MI,,Enrolled,https://247sports.com/Player/josh-priebe-46056908/,"Edwardsburg, MI",41.7956038,-86.0808384
2020,Recruit,Cullen Coleman,OLB,6-3,220,,89.0,,3,Rye Country Day School,Rye,NY,,Enrolled,https://247sports.com/Player/cullen-coleman-46079317/,"Rye, NY",40.9821371,-73.6840902
2020,Recruit,Gunner Maldonado,S,5-11,180,,88.0,,3,Chandler,Chandler,AZ,,Enrolled,https://247sports.com/Player/gunner-maldonado-46055456/,"Chandler, AZ",33.3062031,-111.841185
2020,Recruit,Cameron Porter,RB,5-11,210,,87.0,,3,La Salle,Cincinnati,OH,,Enrolled,https://247sports.com/Player/cameron-porter-46053258/,"Cincinnati, OH",39.1012809,-84.5127405
2020,Recruit,Garnett Hollis Jr.,CB,6-1,185,,87.0,,3,Battle Ground Academy,Franklin,TN,,Enrolled,https://247sports.com/Player/garnett-hollis-jr-46047299/,"Franklin, TN",35.925206,-86.8689419
2020,Recruit,Terah Edwards,OG,6-2,316,,87.0,,3,Groveport Madison,Groveport,OH,,Enrolled,https://247sports.com/Player/terah-edwards-46059470/,"Groveport, OH",39.8522449,-82.8868636
2020,Recruit,Sean McLaughlin,SDE,6-7,220,,87.0,,3,Lincoln-Way East,Frankfort,IL,,Enrolled,https://247sports.com/Player/sean-mclaughlin-46080634/,"Frankfort, IL",41.4979467,-87.8495946
2020,Recruit,Marshall Lang,TE,6-4,225,,86.0,,3,St. Xavier,Cincinnati,OH,,Enrolled,https://247sports.com/Player/marshall-lang-46081192/,"Cincinnati, OH",39.1012809,-84.5127405
2020,Recruit,Carl Richardson,PRO,6-4,205,,85.0,,3,Salinas,Salinas,CA,,Enrolled,https://247sports.com/Player/carl-richardson-46050800/,"Salinas, CA",36.6744117,-121.655037
2020,Recruit,Xander Mueller,OLB,6-3,210,,84.0,,3,Wheaton North,Wheaton,IL,,Enrolled,https://247sports.com/Player/xander-mueller-46080633/,"Wheaton, IL",41.8646959,-88.1101709
2020,Recruit,Hunter Welcing,TE,6-4,220,,84.0,,3,Lake Zurich,Lake Zurich,IL,,Enrolled,https://247sports.com/Player/hunter-welcing-46082206/,"Lake Zurich, IL",42.1969689,-88.0934108
2020,Recruit,Jaheem Joseph,CB,5-11,170,,84.0,,3,Monsignor Pace,Opa Locka,FL,,Enrolled,https://247sports.com/Player/jaheem-joseph-46047644/,"Opa Locka, FL",25.9023168,-80.2503271
2020,Recruit,Nigel Williams,CB,5-11,180,,83.0,,3,Collegiate School,Richmond,VA,,Enrolled,https://247sports.com/Player/nigel-williams-46081778/,"Richmond, VA",37.5385087,-77.43428
2020,Recruit,Will Halkyard,LS,6-3,200,,,,0,Glenbard West,Glen Ellyn,IL,,Enrolled,https://247sports.com/Player/will-halkyard-46154835/,"Glen Ellyn, IL",41.8775293,-88.0670118
2020,Recruit,Jordan Butler,DT,6-2,295,,87.0,,3,IMG Academy,Bradenton,FL,,Signed,https://247sports.com/Player/jordan-butler-46052408/,"Bradenton, FL",27.4989278,-82.5748194
2020,Recruit,Ben Wrather,OT,6-6,285,,85.0,,3,Olentangy Liberty,Powell,OH,,Signed,https://247sports.com/Player/ben-wrather-46080263/,"Powell, OH",40.1578403,-83.0751869
2020,Recruit,Jaiden Cameron,WDE,6-3.5,221,,83.0,,3,Northmont,Clayton,OH,,Signed,https://247sports.com/Player/jaiden-cameron-46081187/,"Clayton, OH",39.8631101,-84.3605022
2021,Recruit,Jordan Mosley,WR,6-0,190,,90.0,,4,McGill Toolen,Mobile,AL,,Enrolled,https://247sports.com/Player/jordan-mosley-46078947/,"Mobile, AL",30.6913462,-88.0437509
2021,Recruit,Caleb Tiernan,OT,6-7,280,,90.0,,4,Detroit Country Day,Franklin,MI,,Enrolled,https://247sports.com/Player/caleb-tiernan-46056838/,"Franklin, MI",42.5222567,-83.3060432
2021,Recruit,Theran Johnson,CB,6-0,170,,88.0,,3,North Central,Indianapolis,IN,,Enrolled,https://247sports.com/Player/theran-johnson-46084563/,"Indianapolis, IN",39.7683331,-86.1583502
2021,Recruit,Najee Story,DL,6-4,235,,87.0,,3,Solon,Solon,OH,,Enrolled,https://247sports.com/Player/najee-story-46057277/,"Solon, OH",41.3897764,-81.4412259
2021,Recruit,Mac Uihlein,LB,6-1,215,,87.0,,3,Lake Forest,Lake Forest,IL,,Enrolled,https://247sports.com/Player/mac-uihlein-46083176/,"Lake Forest, IL",42.2586461,-87.8407055
2021,Recruit,Josh Thompson,IOL,6-4,290,,86.0,,3,Fenton,Fenton,MI,,Enrolled,https://247sports.com/Player/josh-thompson-46058434/,"Fenton, MI",42.7978061,-83.7049498
2021,Recruit,Brendan Sullivan,QB,6-3,180,,86.0,,3,Davison,Davison,MI,,Enrolled,https://247sports.com/Player/brendan-sullivan-46081449/,"Davison, MI",43.0346872,-83.5180155
2021,Recruit,Anthony Tyus III,RB,6-1,207,,86.0,,3,Portage Northern,Portage,MI,,Enrolled,https://247sports.com/Player/anthony-tyus-iii-46080651/,"Portage, MI",42.2011538,-85.5800022
2021,Recruit,Jackson Carsello,OT,6-4,270,,86.0,,3,Glenbrook North,Northbrook,IL,,Enrolled,https://247sports.com/Player/jackson-carsello-46098874/,"Northbrook, IL",42.128704,-87.8265089
2021,Recruit,Garner Wallace,S,6-5,185,,86.0,,3,Pickerington Central,Pickerington,OH,,Enrolled,https://247sports.com/Player/garner-wallace-46098548/,"Pickerington, OH",39.8842304,-82.7535049
2021,Recruit,Lawson Albright,TE,6-5,225,,86.0,,3,Grimsley,Greensboro,NC,,Enrolled,https://247sports.com/Player/lawson-albright-46095102/,"Greensboro, NC",36.0726355,-79.7919754
2021,Recruit,Aidan Hubbard,LB,6-4,218,,86.0,,3,St. Ignatius,Cleveland,OH,,Enrolled,https://247sports.com/Player/aidan-hubbard-46094031/,"Cleveland, OH",41.4996574,-81.6936772
2021,Recruit,Jacob Gill,WR,6-0,170,,85.0,,3,Cardinal Gibbons,Raleigh,NC,,Enrolled,https://247sports.com/Player/jacob-gill-46080513/,"Raleigh, NC",35.7803977,-78.6390989
2021,Recruit,Donnie Gray,ATH,6-0,190,,85.0,,3,Deerfield Academy,Deerfield,MA,,Enrolled,https://247sports.com/Player/donnie-gray-46094961/,"Deerfield, MA",42.5436951,-72.6046649
2021,Recruit,Calvin Johnson II,ATH,5-11,180,,84.0,,3,French Camp Academy,French Camp,MS,,Enrolled,https://247sports.com/Player/calvin-johnson-ii-46101839/,"French Camp, MS",33.293181,-89.3995159
2021,Recruit,Ore Adeyi,CB,5-10,175,,84.0,,3,Mansfield Legacy,Mansfield,TX,,Enrolled,https://247sports.com/Player/ore-adeyi-46100106/,"Mansfield, TX",32.563487,-97.1420308
2022,Recruit,Anto Saka,Edge,6-2,230,,92.0,,4,Loyola Blakefield,Towson,MD,,Enrolled,https://247sports.com/Player/anto-saka-46111586/,"Towson, MD",39.3964591,-76.6148148
2022,Recruit,Reggie Fleurima,WR,6-2,200,,91.0,,4,Naperville Central,Naperville,IL,,Enrolled,https://247sports.com/Player/reggie-fleurima-46084905/,"Naperville, IL",41.7728699,-88.1479278
2022,Recruit,Robert Fitzgerald,S,6-0,200,,90.0,,4,Dallas Jesuit,Dallas,TX,,Enrolled,https://247sports.com/Player/robert-fitzgerald-46101057/,"Dallas, TX",32.7762719,-96.7968559
2022,Recruit,Deuce McGuire,OT,6-5,270,,89.0,,3,Marist,Chicago,IL,,Enrolled,https://247sports.com/Player/deuce-mcguire-46094290/,"Chicago, IL",41.8755616,-87.6244212
2022,Recruit,Nick Herzog,OT,6-4,270,,89.0,,3,Blue Valley,Stilwell,KS,,Enrolled,https://247sports.com/Player/nick-herzog-46102577/,"Stilwell, KS",38.7691755,-94.6563454
2022,Recruit,Austin Firestone,OT,6-5,260,,88.0,,3,Niceville,Niceville,FL,,Enrolled,https://247sports.com/Player/austin-firestone-46099779/,"Niceville, FL",30.5168639,-86.482172
2022,Recruit,Braydon Brus,ATH,6-2,206,,88.0,,3,Glendora,Glendora,CA,,Enrolled,https://247sports.com/Player/braydon-brus-46097230/,"Glendora, CA",34.1361187,-117.865339
2022,Recruit,Joseph Himon II,RB,5-9,175,,87.0,,3,Pulaski Academy,Little Rock,AR,,Enrolled,https://247sports.com/Player/joseph-himon-ii-46094918/,"Little Rock, AR",34.7465071,-92.2896267
2022,Recruit,Chris Petrucci,TE,6-5,210,,87.0,,3,Maine South,Park Ridge,IL,,Enrolled,https://247sports.com/Player/chris-petrucci-46100296/,"Park Ridge, IL",42.0112329,-87.8406031
2022,Recruit,Devin Turner,S,6-2,190,,86.0,,3,Frisco Lone Star,Frisco,TX,,Enrolled,https://247sports.com/Player/devin-turner-46112832/,"Frisco, TX",33.1505998,-96.8238183
2022,Recruit,Evan Smith,ATH,5-9,167,,86.0,,3,Oak Mountain,Birmingham,AL,,Enrolled,https://247sports.com/Player/evan-smith-46058573/,"Birmingham, AL",33.5206824,-86.8024326
2022,Recruit,Jack Lausch,QB,6-2,180,,85.0,,3,Brother Rice,Oak Lawn,IL,,Enrolled,https://247sports.com/Player/jack-lausch-46114461/,"Oak Lawn, IL",41.7108662,-87.7581081
2022,Recruit,Braden Turner,CB,5-11,175,,85.0,,3,McGill Toolen,Mobile,AL,,Enrolled,https://247sports.com/Player/braden-turner-46103649/,"Mobile, AL",30.6913462,-88.0437509
2022,Recruit,Kenny Soares Jr.,LB,6-3,215,,85.0,,3,Avon Old Farms,Avon,CT,,Enrolled,https://247sports.com/Player/kenny-soares-jr-46086474/,"Avon, CT",41.8098209,-72.8306541
2022,Recruit,Brendan Flakes,DL,6-3.5,245,,85.0,,3,West Orange,Winter Garden,FL,,Enrolled,https://247sports.com/Player/brendan-flakes-46103122/,"Winter Garden, FL",28.5656649,-81.5856742
2022,Recruit,Jason Reynolds,LB,6-2,214,,85.0,,3,Eagle's Landing Christian,McDonough,GA,,Enrolled,https://247sports.com/Player/jason-reynolds-46114821/,"McDonough, GA",33.4473361,-84.1468616
2023,Recruit,Jordan Knox,OT,6-3,310,,93.0,,4,Northwestern,Rock Hill,SC,,Enrolled,https://247sports.com/Player/jordan-knox-46125596/,"Rock Hill, SC",34.9248667,-81.0250784
2023,Recruit,Nigel Glover,S,6-3,210,,90.0,,4,Northmont,Clayton,OH,,Enrolled,https://247sports.com/Player/nigel-glover-46118610/,"Clayton, OH",39.8631101,-84.3605022
2023,Recruit,Anthony Birsa,IOL,6-4.5,270,,90.0,,4,Joliet Catholic Academy,Joliet,IL,,Enrolled,https://247sports.com/Player/anthony-birsa-46129291/,"Joliet, IL",41.5263603,-88.0840212
2023,Recruit,Dylan Senda,IOL,6-5,275,,89.0,,3,Dearborn Divine Child,Dearborn,MI,,Enrolled,https://247sports.com/Player/dylan-senda-46098035/,"Dearborn, MI",42.3222599,-83.1763145
2023,Recruit,Damon Walters,S,6-1,175,,89.0,,3,Bolingbrook,Bolingbrook,IL,,Enrolled,https://247sports.com/Player/damon-walters-46118004/,"Bolingbrook, IL",41.7003302,-88.0717708
2023,Recruit,Tyler Gant,DL,6-3,280,,88.0,,3,Christian Brothers College,St. Louis,MO,,Enrolled,https://247sports.com/Player/tyler-gant-46111676/,"St. Louis, MO",38.6254063,-90.190009
2023,Recruit,Frank Covey IV,ATH,6-2,185,,88.0,,3,Prospect,Mount Prospect,IL,,Enrolled,https://247sports.com/Player/frank-covey-iv-46130694/,"Mount Prospect, IL",42.0664167,-87.9372908
2023,Recruit,Camp Magee,TE,6-5.5,210,,87.0,,3,Edgewater,Orlando,FL,,Enrolled,https://247sports.com/Player/camp-magee-46128876/,"Orlando, FL",28.5421218,-81.379045
2023,Recruit,Dylan Roberts,DL,6-3,285,,87.0,,3,Peoria Centennial,Peoria,AZ,,Enrolled,https://247sports.com/Player/dylan-roberts-46113872/,"Peoria, AZ",33.5806115,-112.237294
2023,Recruit,Ricky Ahumaraeze,WR,6-4,195,,87.0,,3,Liberty,Liberty,MO,,Enrolled,https://247sports.com/Player/ricky-ahumaraeze-46127849/,"Liberty, MO",39.246479,-94.419079
2023,Recruit,Michael Kilbane,Edge,6-4,240,,87.0,,3,St. Edward,Lakewood,OH,,Enrolled,https://247sports.com/Player/michael-kilbane-46099471/,"Lakewood, OH",41.4819932,-81.7981908
2023,Recruit,Aidan Gray,QB,6-3,200,,87.0,,3,Naperville North,Naperville,IL,,Enrolled,https://247sports.com/Player/aidan-gray-46108997/,"Naperville, IL",41.7728699,-88.1479278
2023,Recruit,Josh Fussell,CB,6-0,180,,86.0,,3,Lakota West,West Chester,OH,,Enrolled,https://247sports.com/Player/josh-fussell-46129248/,"West Chester, OH",39.3303357,-84.408275
2023,Recruit,Chico Holt,TE,6-5,220,,86.0,,3,Strake Jesuit,Houston,TX,,Enrolled,https://247sports.com/Player/chico-holt-46125777/,"Houston, TX",29.7589382,-95.3676974
2023,Recruit,Alexander Doost,IOL,6-6,295,,85.0,,3,Mountain Ridge,Glendale,AZ,,Enrolled,https://247sports.com/Player/alexander-doost-46100742/,"Glendale, AZ",33.5386858,-112.185994
2023,Recruit,Justin Cryer,LB,6-1,230,,85.0,,3,Brookshire Royal,Brookshire,TX,,Enrolled,https://247sports.com/Player/justin-cryer-46116653/,"Brookshire, TX",29.7860643,-95.9510661
2023,Recruit,Cole Shivers,CB,5-10,165,,84.0,,3,Saguaro,Scottsdale,AZ,,Enrolled,https://247sports.com/Player/cole-shivers-46100774/,"Scottsdale, AZ",33.4942189,-111.926018
2023,Recruit,J.J. Lewis,S,6-0,185,,84.0,,3,Leuzinger,Lawndale,CA,,Enrolled,https://247sports.com/Player/jj-lewis-46131092/,"Lawndale, CA",33.8951219,-118.3526323
2023,Recruit,Caleb Komolafe,S,5-11,195,,84.0,,3,Katy Tompkins,Katy,TX,,Enrolled,https://247sports.com/Player/caleb-komolafe-46111890/,"Katy, TX",29.7857853,-95.8243956
2024,Recruit,Patrick Schaller,Edge,6-5,210,,88.0,,3,Glenbrook North,Northbrook,IL,,Enrolled,https://247sports.com/Player/patrick-schaller-46133806/,"Northbrook, IL",42.128704,-87.8265089
2024,Recruit,Troy Regovich,DL,6-5,255,,88.0,,3,St. Edward,Lakewood,OH,,Enrolled,https://247sports.com/Player/troy-regovich-46132995/,"Lakewood, OH",41.4819932,-81.7981908
2024,Recruit,Idrys Cotton,IOL,6-4,280,,87.0,,3,Plymouth,Canton,MI,,Enrolled,https://247sports.com/Player/idrys-cotton-46137295/,"Canton, MI",32.612602,-90.0367512
2024,Recruit,Callen Campbell,DL,6-4,240,,87.0,,3,Sault Area,Sault Sainte Marie,MI,,Enrolled,https://247sports.com/Player/callen-campbell-46139415/,"Sault Sainte Marie, MI",46.4976734,-84.3476583
2024,Recruit,Ezomo Oratokhai,OT,6-4,295,,87.0,,3,Lake Travis,Austin,TX,,Enrolled,https://247sports.com/Player/ezomo-oratokhai-46118680/,"Austin, TX",30.2711286,-97.7436995
2024,Recruit,Tito Williams Jr.,S,6-2,180,,86.0,,3,Bradley Central,Cleveland,TN,,Enrolled,https://247sports.com/Player/tito-williams-jr-46132927/,"Cleveland, TN",35.1595182,-84.8766115
2024,Recruit,Ryan Boe,QB,6-3,190,,86.0,,3,Batavia,Batavia,IL,,Enrolled,https://247sports.com/Player/ryan-boe-46142874/,"Batavia, IL",41.8500284,-88.3125738
2024,Recruit,Qayvier Johnson,Edge,6-3,220,,86.0,,3,Hamden Hall,Hamden,CT,,Enrolled,https://247sports.com/Player/qayvier-johnson-46142467/,"Hamden, CT",41.3836233,-72.9020069
2024,Recruit,Braxton Strong,DL,6-4,235,,85.0,,3,Peru,Peru,IN,,Enrolled,https://247sports.com/Player/braxton-strong-46139629/,"Peru, IN",40.7537253,-86.0690325
2024,Recruit,Carson Grove,WR,5-10,170,,85.0,,3,John Hersey,Arlington Heights,IL,,Enrolled,https://247sports.com/Player/carson-grove-46139277/,"Arlington Heights, IL",42.0811563,-87.9802164
2024,Recruit,Dashun Reeder,RB,6-0,190,,85.0,,3,Christ Church Episcopal School,Greenville,SC,,Enrolled,https://247sports.com/Player/dashun-reeder-46141406/,"Greenville, SC",34.851354,-82.3984882
2024,Recruit,Hayden Eligon II,WR,6-4,190,,84.0,,3,Los Alamitos,Los Alamitos,CA,,Enrolled,https://247sports.com/Player/hayden-eligon-ii-46132399/,"Los Alamitos, CA",33.8038865,-118.0772433
2024,Recruit,Timi Oke,CB,6-0,171,,84.0,,3,NFL Academy,London,EN,,Enrolled,https://247sports.com/Player/timi-oke-46142362/,"London, EN",42.3522285,-3.6706747
2024,Recruit,Matthew Smith,LB,6-2,208,,84.0,,3,Hillside,Durham,NC,,Enrolled,https://247sports.com/Player/matthew-smith-46142375/,"Durham, NC",35.996653,-78.9018053
2024,Recruit,Terrion Curry-Hicks,CB,5-11,170,,84.0,,3,Frederick Douglass,Lexington,KY,,Enrolled,https://247sports.com/Player/terrion-curry-hicks-46113934/,"Lexington, KY",38.0464066,-84.4970393
2024,Recruit,Sean Martin,LB,6-1,175,,83.0,,3,St. Ignatius,Cleveland,OH,,Enrolled,https://247sports.com/Player/sean-martin-46133922/,"Cleveland, OH",41.4996574,-81.6936772
2024,Recruit,Dennis Rahouski,DL,6-6,253,,82.0,,3,Eden Prairie,Eden Prairie,MN,,Enrolled,https://247sports.com/Player/dennis-rahouski-46140036/,"Eden Prairie, MN",44.8546856,-93.470786
2025,Recruit,Mason Mayne,DL,6-3,275,,90.0,,4,Lawton,Lawton,MI,,Enrolled,https://247sports.com/Player/mason-mayne-46147663/,"Lawton, MI",42.1672629,-85.8469539
2025,Recruit,Caden O'Rourke,Edge,6-5,220,,89.0,,3,Lincoln-Way East,Frankfort,IL,,Enrolled,https://247sports.com/Player/caden-orourke-46133505/,"Frankfort, IL",41.4979467,-87.8495946
2025,Recruit,Daniel Anderson,RB,5-11,200,,87.0,,3,Bryant,Bryant,AR,,Enrolled,https://247sports.com/Player/daniel-anderson-46129109/,"Bryant, AR",34.5959045,-92.488348
2025,Recruit,Michael O'Connell,OT,6-7,270,,87.0,,3,Glenbard West,Glen Ellyn,IL,,Enrolled,https://247sports.com/Player/michael-oconnell-46146772/,"Glen Ellyn, IL",41.8775293,-88.0670118
2025,Recruit,Tyler Kielmeyer,TE,6-7,235,,87.0,,3,Westerville South,Westerville,OH,,Enrolled,https://247sports.com/Player/tyler-kielmeyer-46145199/,"Westerville, OH",40.126139,-82.9295287
2025,Recruit,Robby Preckel,TE,6-3,210,,87.0,,3,Lafayette,Wildwood,MO,,Enrolled,https://247sports.com/Player/robby-preckel-46146159/,"Wildwood, MO",38.5806948,-90.6314374
2025,Recruit,Jon Jon Stevens Jr.,CB,6-0,180,,86.0,,3,Westerville North,Westerville,OH,,Enrolled,https://247sports.com/Player/jon-jon-stevens-jr-46138714/,"Westerville, OH",40.126139,-82.9295287
2025,Recruit,Trey Boyd,IOL,6-4,270,,86.0,,3,Shakopee,Shakopee,MN,,Enrolled,https://247sports.com/Player/trey-boyd-46145036/,"Shakopee, MN",44.7980186,-93.5268986
2025,Recruit,Marquet Dorsey Jr.,CB,6-1,180,,86.0,,3,Don Bosco Prep,Ramsey,NJ,,Enrolled,https://247sports.com/Player/marquet-dorsey-jr-46141610/,"Ramsey, NJ",41.0573188,-74.1409771
2025,Recruit,Josh Veldman,LB,6-2,205,,86.0,,3,Lincoln Way West,New Lenox,IL,,Enrolled,https://247sports.com/Player/josh-veldman-46147204/,"New Lenox, IL",41.5119761,-87.9656098
2025,Recruit,Tanner Jumpp,DL,6-3,255,,85.0,,3,Lake Mary,Lake Mary,FL,,Enrolled,https://247sports.com/Player/tanner-jumpp-46151145/,"Lake Mary, FL",28.7562749,-81.322093
2025,Recruit,Marcus Romain,QB,6-0,200,,85.0,,3,Wheeler,Marietta,GA,,Enrolled,https://247sports.com/Player/marcus-romain-46147840/,"Marietta, GA",33.9528472,-84.5496148
2025,Recruit,Dube Enongene,WR,6-0,185,,85.0,,3,North Paulding,Dallas,GA,,Enrolled,https://247sports.com/Player/dube-enongene-46146840/,"Dallas, GA",33.9237141,-84.8407732
2025,Recruit,Alijah Jones,S,6-0,175,,85.0,,3,Archbishop Spalding,Severn,MD,,Enrolled,https://247sports.com/Player/alijah-jones-46141251/,"Severn, MD",39.1354665,-76.7006238
2025,Recruit,Braden Blueitt,WR,6-0,190,,85.0,,3,Colleyville Heritage,Colleyville,TX,,Enrolled,https://247sports.com/Player/braden-blueitt-46132095/,"Colleyville, TX",32.8809603,-97.155012
2025,Recruit,Noah LaPorte,TE,6-6,210,,85.0,,3,Princeton,Princeton,IL,,Enrolled,https://247sports.com/Player/noah-laporte-46147209/,"Princeton, IL",41.368092,-89.4648145
2025,Recruit,Jonah Hayes,Edge,6-6,215,,85.0,,3,Archbishop Moeller,Cincinnati,OH,,Enrolled,https://247sports.com/Player/jonah-hayes-46148763/,"Cincinnati, OH",39.1012809,-84.5127405
2025,Recruit,Hayden Wright,OT,6-5,265,,84.0,,3,Kingwood,Kingwood,TX,,Enrolled,https://247sports.com/Player/hayden-wright-46153874/,"Kingwood, TX",30.0497077,-95.1846301
2025,Recruit,Ronny Johnson,RB,5-10,180,,84.0,,3,Dexter,Dexter,MI,,Enrolled,https://247sports.com/Player/ronny-johnson-46144076/,"Dexter, MI",42.3372998,-83.8842
2025,Recruit,Nikola Dugandzic,P,6-4,215,,83.0,,3,New Trier,Winnetka,IL,,Enrolled,https://247sports.com/Player/nikola-dugandzic-46142337/,"Winnetka, IL",42.1080703,-87.7365286
2026,Recruit,Owen Fors,IOL,6-4,290,,90.0,,4,Barrington,Barrington,IL,,Enrolled,https://247sports.com/Player/owen-fors-46149186/,"Barrington, IL",42.1539141,-88.1361888
2026,Recruit,Jaden McDuffie,WR,6-3,165,,90.0,,4,South River,Edgewater,MD,,Enrolled,https://247sports.com/Player/jaden-mcduffie-46157698/,"Edgewater, MD",38.9358105,-76.5530141
2026,Recruit,Tom McGlinchey,TE,6-6,230,,89.0,,3,William Penn Charter,Philadelphia,PA,,Enrolled,https://247sports.com/Player/tom-mcglinchey-46148250/,"Philadelphia, PA",39.9527237,-75.1635262
2026,Recruit,Jack Fuchs,OT,6-8,290,,88.0,,3,Beech,Hendersonville,TN,,Enrolled,https://247sports.com/Player/jack-fuchs-46146519/,"Hendersonville, TN",36.3049177,-86.621443
2026,Recruit,Leighton Burbach,OT,6-8,255,,88.0,,3,Norfolk Catholic,Norfolk,NE,,Enrolled,https://247sports.com/Player/leighton-burbach-46155504/,"Norfolk, NE",42.0283379,-97.4169964
2026,Recruit,Tre Hoskins,DL,6-5,275,,88.0,,3,Hannibal,Hannibal,MO,,Enrolled,https://247sports.com/Player/tre-hoskins-46155709/,"Hannibal, MO",39.7082498,-91.3587413
2026,Recruit,Sean Morris II,RB,5-10,205,,87.0,,3,Orange Lutheran,Orange,CA,,Enrolled,https://247sports.com/Player/sean-morris-ii-46139844/,"Orange, CA",33.750631,-117.8722311
2026,Recruit,Jacob Miller,OT,6-7,240,,87.0,,3,Penney,Hamilton,MO,,Enrolled,https://247sports.com/Player/jacob-miller-46161790/,"Hamilton, MO",39.7436184,-93.9982743
2026,Recruit,Nick Zalewski,Edge,6-6,225,,87.0,,3,Thomas Worthington,Columbus,OH,,Enrolled,https://247sports.com/Player/nick-zalewski-46150702/,"Columbus, OH",39.9622601,-83.0007065
2026,Recruit,Max Mohring,LB,6-3,215,,87.0,,3,Malvern Prep,Malvern,PA,,Enrolled,https://247sports.com/Player/max-mohring-46158860/,"Malvern, PA",40.036202,-75.5138959
2026,Recruit,Jaden Vaughn,CB,5-10,175,,86.0,,3,Cy-Fair,Cypress,TX,,Enrolled,https://247sports.com/Player/jaden-vaughn-46150267/,"Cypress, TX",29.9691116,-95.6971686
2026,Recruit,Ronald Derrick III,DL,6-5,260,,86.0,,3,Waco University,Waco,TX,,Enrolled,https://247sports.com/Player/ronald-derrick-iii-46159081/,"Waco, TX",31.5491899,-97.1474628
2026,Recruit,Gabe Davis-Ray,S,6-3,185,,86.0,,3,Columbus Academy,Columbus,OH,,Enrolled,https://247sports.com/Player/gabe-davis-ray-46151642/,"Columbus, OH",39.9622601,-83.0007065
2026,Recruit,Johnny O'Brien,QB,6-2,180,,86.0,,3,Fremd,Palatine,IL,,Enrolled,https://247sports.com/Player/johnny-obrien-46146268/,"Palatine, IL",42.1105502,-88.0434304
2026,Recruit,Hayden Flavin,OT,6-7,270,,86.0,,3,Clarkston,Clarkston,MI,,Enrolled,https://247sports.com/Player/hayden-flavin-46153520/,"Clarkston, MI",42.735863,-83.4188304
2026,Recruit,Amare Jordan,LB,6-1,205,,86.0,,3,Vista Ridge,Cedar Park,TX,,Enrolled,https://247sports.com/Player/amare-jordan-46160214/,"Cedar Park, TX",30.5217116,-97.827833
2026,Recruit,Keaton Reinke,WR,6-3,205,,86.0,,3,St. Charles North,St. Charles,IL,,Enrolled,https://247sports.com/Player/keaton-reinke-46154597/,"St. Charles, IL",41.9139808,-88.3128183
2026,Recruit,Calvin Lorek,DL,6-4,240,,85.0,,3,Loveland,Loveland,OH,,Enrolled,https://247sports.com/Player/calvin-lorek-46155729/,"Loveland, OH",39.2689476,-84.263826
2026,Recruit,Owen Jakubczak,IOL,6-3,260,,85.0,,3,Fremd,Palatine,IL,,Enrolled,https://247sports.com/Player/owen-jakubczak-46154468/,"Palatine, IL",42.1105502,-88.0434304
2026,Recruit,Nate Dawson,CB,6-2,170,,85.0,,3,Winton Woods,Cincinnati,OH,,Enrolled,https://247sports.com/Player/nate-dawson-46146846/,"Cincinnati, OH",39.1012809,-84.5127405
2026,Recruit,Nick Costa,DL,6-4,230,,85.0,,3,St. Augustine Prep,Richland,NJ,,Enrolled,https://247sports.com/Player/nick-costa-46159268/,"Richland, NJ",39.495841,-74.8900885
2026,Recruit,Noah Sur,K,5-11,182,,80.0,,3,Fenwick,Oak Park,IL,,Enrolled,https://247sports.com/Player/noah-sur-46160049/,"Oak Park, IL",41.8878145,-87.7887615
2027,Recruit,Cade Reikowski,IOL,6-6.5,305,,89.0,,3,Pewaukee,Pewaukee,WI,,Commit 2/1/2026,https://247sports.com/Player/cade-reikowski-46159359/,"Pewaukee, WI",43.0846017,-88.2139452
2027,Recruit,Cristian Mbamarah,CB,6-1,175,,89.0,,3,Cherokee Trail,Aurora,CO,,Commit 6/8/2026,https://247sports.com/Player/cristian-mbamarah-46158483/,"Aurora, CO",39.7401441,-104.8733376
2027,Recruit,Marcus Turpin,S,6-3,170,,89.0,,3,Gilman,Baltimore,MD,,Commit 6/4/2026,https://247sports.com/Player/marcus-turpin-46164619/,"Baltimore, MD",39.2908816,-76.610759
2027,Recruit,Josiah Wallace,OT,6-8,300,,88.0,,3,Glenbard West,Glen Ellyn,IL,,Commit 2/11/2026,https://247sports.com/Player/josiah-wallace-46158394/,"Glen Ellyn, IL",41.8775293,-88.0670118
2027,Recruit,Andrew Davalla,OT,6-6,265,,88.0,,3,St. Ignatius,Cleveland,OH,,Commit 6/10/2026,https://247sports.com/Player/andrew-davalla-46162775/,"Cleveland, OH",41.4996574,-81.6936772
2027,Recruit,Nolan Buirley,LB,6-1.5,205,,88.0,,3,Big Walnut,Sunbury,OH,,Commit 6/9/2026,https://247sports.com/Player/nolan-buirley-46158440/,"Sunbury, OH",40.2425623,-82.8590673
2027,Recruit,Kenyon Norman,RB,6-0,195,,87.0,,3,Lakota West,West Chester,OH,,Commit 6/12/2026,https://247sports.com/Player/kenyon-norman-46154870/,"West Chester, OH",39.3303357,-84.408275
2027,Recruit,Wyatt Frey,TE,6-5,220,,87.0,,3,Lawrence-Nelson,Nelson,NE,,Commit 11/18/2025,https://247sports.com/Player/wyatt-frey-46160348/,"Nelson, NE",40.2016126,-98.0675323
2027,Recruit,Kyle Davis,ATH,6-5,235,,87.0,,3,Georgetown Preparatory,North Bethesda,MD,,Commit 7/4/2026,https://247sports.com/Player/kyle-davis-46165797/,"North Bethesda, MD",39.04065,-77.1233873
2027,Recruit,Caleb Siler,OT,6-8,290,,87.0,,3,Gunter,Gunter,TX,,Commit 6/15/2026,https://247sports.com/Player/caleb-siler-46163939/,"Gunter, TX",33.4498987,-96.7446323
2027,Recruit,Lincoln Cook,WR,6-1,175,,87.0,,3,Palisades,Kintnersville,PA,,Commit 6/2/2026,https://247sports.com/Player/lincoln-cook-46166831/,"Kintnersville, PA",40.5570457,-75.179619
2027,Recruit,Jared Zames,Edge,6-4,240,,86.0,,3,Berkeley Prep,Tampa,FL,,Commit 6/3/2026,https://247sports.com/Player/jared-zames-46158747/,"Tampa, FL",27.9449854,-82.4583107
2027,Recruit,Tyler Frederick,DL,6-4,280,,86.0,,3,Gonzaga,Washington,DC,,Commit 5/15/2026,https://247sports.com/Player/tyler-frederick-46165766/,"Washington, DC",38.8950982,-77.0363849
2027,Recruit,Jordan Cason,WR,5-9.5,168,,86.0,,3,Bradford,Starke,FL,,Commit 6/9/2026,https://247sports.com/Player/jordan-cason-46163813/,"Starke, FL",29.9443549,-82.1101114
2027,Recruit,Kingston Thornton,CB,6-1.5,185,,86.0,,3,Dallas Parish Episcopal,Dallas,TX,,Commit 6/12/2026,https://247sports.com/Player/kingston-thornton-46166410/,"Dallas, TX",32.7762719,-96.7968559
2027,Recruit,Jaiden Davis,DL,6-4,260,,86.0,,3,Middletown,Middletown,OH,,Commit 6/11/2026,https://247sports.com/Player/jaiden-davis-46149413/,"Middletown, OH",39.516644,-84.4041725
2027,Recruit,Blake Loughlin,LB,6-2,210,,86.0,,3,Shakopee,Shakopee,MN,,Commit 6/3/2026,https://247sports.com/Player/blake-loughlin-46165146/,"Shakopee, MN",44.7980186,-93.5268986
2027,Recruit,Amir Hogans,ATH,6-2,220,,86.0,,3,Hun School,Princeton,NJ,,Commit 6/7/2026,https://247sports.com/Player/amir-hogans-46157603/,"Princeton, NJ",40.3496953,-74.6597376
2027,Recruit,Jack Frassetto,LB,6-3,225,,86.0,,3,The Lawrenceville School,Lawrenceville,NJ,,Commit 5/12/2026,https://247sports.com/Player/jack-frassetto-46160596/,"Lawrenceville, NJ",40.3009876,-74.7373728
2027,Recruit,Brady Johnson,TE,6-3,220,,85.0,,3,Glenbard West,Glen Ellyn,IL,,Commit 2/4/2026,https://247sports.com/Player/brady-johnson-46158974/,"Glen Ellyn, IL",41.8775293,-88.0670118
2027,Recruit,RJ Day,QB,5-11,203,,84.0,,3,St. Francis de Sales,Columbus,OH,,Commit 5/10/2026,https://247sports.com/Player/rj-day-46146897/,"Columbus, OH",39.9622601,-83.0007065
2028,Recruit,Aiden Phifer,QB,6-1,190,,,,0,Nease,Ponte Vedra Beach,FL,,Commit 6/21/2026,https://247sports.com/Player/aiden-phifer-46165763/,"Ponte Vedra Beach, FL",30.2396865,-81.3856384
